subscriber_id,list_id,email,first_name,last_name,gender,status,country,age_group,preferences,subscription_date,subscription_source
1,6,joy.mohamed1@example.com,Joy,Mohamed,F,Active,Ghana,25-34,Events,2024-04-27,Paid Social
2,1,zainab.mensah2@example.com,Zainab,Mensah,M,Active,Canada,35-44,New Releases,2025-07-27,Organic Search
3,3,ifeoma.nwosu3@example.com,Ifeoma,Nwosu,F,Inactive,Kenya,25-34,Events,2025-04-05,Paid Social
4,5,sarah.okafor4@example.com,Sarah,Okafor,M,Active,Nigeria,35-44,Product Updates,2025-07-03,Website
5,1,zainab.osei5@example.com,Zainab,Osei,F,Active,Nigeria,35-44,Events,2025-09-03,Referral
6,3,sarah.mensah6@example.com,Sarah,Mensah,F,Active,Nigeria,25-34,Discounts,2024-10-31,Partner
7,7,hauwa.bello7@example.com,Hauwa,Bello,M,Active,Nigeria,25-34,Product Updates,2025-06-07,Organic Search
8,3,victor.kamara8@example.com,Victor,Kamara,F,Active,Ghana,25-34,New Releases,2024-06-26,Website
9,4,musa.adebayo9@example.com,Musa,Adebayo,M,Active,Nigeria,45-54,New Releases,2024-01-10,Organic Search
10,4,grace.abubakar10@example.com,Grace,Abubakar,F,Active,Ghana,25-34,Events,2024-02-01,Referral
11,6,samuel.adebayo11@example.com,Samuel,Adebayo,M,Active,Nigeria,35-44,Discounts,2025-05-22,Event
12,4,david.mensah12@example.com,David,Mensah,F,Active,France,45-54,Educational Content,2025-03-27,Referral
13,4,daniel.mensah13@example.com,Daniel,Mensah,M,Inactive,Nigeria,55+,Events,2025-03-25,Paid Social
14,6,david.nwosu14@example.com,David,Nwosu,M,Active,France,35-44,Educational Content,2025-03-14,Partner
15,1,amina.osei15@example.com,Amina,Osei,M,Active,France,35-44,New Releases,2024-11-27,Paid Social
16,8,noah.adebayo16@example.com,Noah,Adebayo,F,Active,Canada,25-34,Product Updates,2025-02-25,Organic Search
17,7,fatima.kamara17@example.com,Fatima,Kamara,M,Active,Nigeria,35-44,Discounts,2025-05-16,Event
18,1,fatima.owusu18@example.com,Fatima,Owusu,F,Unsubscribed,Ghana,35-44,Product Updates,2025-04-10,Paid Social
19,8,zainab.okafor19@example.com,Zainab,Okafor,M,Unsubscribed,France,25-34,Educational Content,2024-08-11,Partner
20,8,grace.mohamed20@example.com,Grace,Mohamed,F,Active,Nigeria,25-34,New Releases,2025-05-11,Website
21,6,tunde.adeyemi21@example.com,Tunde,Adeyemi,M,Active,Kenya,45-54,Product Updates,2025-03-27,Organic Search
22,3,daniel.osei22@example.com,Daniel,Osei,M,Active,United Kingdom,25-34,Educational Content,2024-03-25,Organic Search
23,3,chinedu.adeyemi23@example.com,Chinedu,Adeyemi,F,Active,Kenya,35-44,Discounts,2024-04-07,Referral
24,1,musa.bello24@example.com,Musa,Bello,M,Active,Kenya,25-34,Events,2024-05-03,Organic Search
25,8,daniel.kamara25@example.com,Daniel,Kamara,F,Active,Nigeria,25-34,Product Updates,2024-11-02,Organic Search
26,1,amina.kamara26@example.com,Amina,Kamara,M,Active,Kenya,18-24,Discounts,2025-10-05,Referral
27,6,daniel.johnson27@example.com,Daniel,Johnson,M,Active,Nigeria,18-24,Product Updates,2025-03-15,Website
28,3,amina.nwosu28@example.com,Amina,Nwosu,F,Active,South Africa,25-34,New Releases,2025-12-08,Website
29,1,noah.osei29@example.com,Noah,Osei,M,Inactive,France,25-34,Product Updates,2025-05-21,Event
30,3,samuel.mohamed30@example.com,Samuel,Mohamed,M,Active,Kenya,55+,Educational Content,2025-08-05,Direct
31,3,michael.diallo31@example.com,Michael,Diallo,F,Active,Canada,45-54,Product Updates,2024-08-08,Website
32,1,tunde.abubakar32@example.com,Tunde,Abubakar,F,Active,Kenya,25-34,Events,2025-10-17,Referral
33,4,victor.kamara33@example.com,Victor,Kamara,F,Active,Nigeria,18-24,Discounts,2024-11-30,Direct
34,3,amara.adebayo34@example.com,Amara,Adebayo,F,Inactive,South Africa,45-54,Product Updates,2025-04-09,Paid Social
35,5,tunde.adebayo35@example.com,Tunde,Adebayo,M,Unsubscribed,Nigeria,35-44,Product Updates,2024-06-19,Organic Search
36,3,fatima.mensah36@example.com,Fatima,Mensah,M,Active,Nigeria,25-34,New Releases,2025-08-13,Organic Search
37,5,musa.johnson37@example.com,Musa,Johnson,F,Active,Nigeria,45-54,Discounts,2024-04-15,Paid Social
38,7,david.nwosu38@example.com,David,Nwosu,M,Active,Nigeria,45-54,Discounts,2024-06-02,Organic Search
39,1,tunde.owusu39@example.com,Tunde,Owusu,M,Active,Nigeria,25-34,Educational Content,2025-01-16,Paid Social
40,1,tunde.diallo40@example.com,Tunde,Diallo,M,Active,France,55+,Events,2024-10-16,Organic Search
41,6,noah.traore41@example.com,Noah,Traore,M,Inactive,Kenya,18-24,Discounts,2025-04-20,Paid Social
42,3,musa.osei42@example.com,Musa,Osei,M,Active,Nigeria,55+,Product Updates,2025-12-11,Paid Social
43,6,zainab.okafor43@example.com,Zainab,Okafor,F,Unsubscribed,United Kingdom,35-44,Product Updates,2025-05-18,Paid Social
44,8,amina.ibrahim44@example.com,Amina,Ibrahim,M,Active,Nigeria,25-34,New Releases,2025-04-14,Referral
45,8,amara.mensah45@example.com,Amara,Mensah,M,Active,Kenya,25-34,New Releases,2024-05-13,Website
46,2,fatima.traore46@example.com,Fatima,Traore,F,Active,South Africa,35-44,Educational Content,2024-07-26,Referral
47,1,hauwa.mensah47@example.com,Hauwa,Mensah,M,Active,Nigeria,25-34,Educational Content,2024-07-31,Paid Social
48,3,ifeoma.ibrahim48@example.com,Ifeoma,Ibrahim,M,Active,Nigeria,45-54,Educational Content,2024-02-11,Partner
49,1,zainab.kamara49@example.com,Zainab,Kamara,M,Active,South Africa,55+,Events,2024-09-23,Referral
50,6,chinedu.okafor50@example.com,Chinedu,Okafor,F,Active,United Kingdom,35-44,New Releases,2024-05-23,Paid Social
51,1,tunde.nwosu51@example.com,Tunde,Nwosu,M,Active,Nigeria,25-34,Product Updates,2024-03-17,Website
52,1,amara.osei52@example.com,Amara,Osei,F,Inactive,France,18-24,Educational Content,2024-06-21,Organic Search
53,7,daniel.abubakar53@example.com,Daniel,Abubakar,F,Unsubscribed,Nigeria,35-44,Discounts,2024-10-13,Paid Social
54,3,amina.adeyemi54@example.com,Amina,Adeyemi,M,Active,South Africa,25-34,New Releases,2025-01-27,Referral
55,1,grace.nwosu55@example.com,Grace,Nwosu,M,Active,Canada,45-54,Educational Content,2024-12-18,Referral
56,7,joy.traore56@example.com,Joy,Traore,F,Unsubscribed,Nigeria,18-24,New Releases,2024-02-29,Paid Social
57,6,musa.eze57@example.com,Musa,Eze,M,Inactive,Canada,18-24,Discounts,2024-08-12,Paid Social
58,4,sarah.eze58@example.com,Sarah,Eze,M,Active,Nigeria,35-44,Educational Content,2024-12-26,Direct
59,7,hauwa.kamara59@example.com,Hauwa,Kamara,M,Active,United Kingdom,45-54,Events,2024-02-08,Referral
60,1,samuel.nwosu60@example.com,Samuel,Nwosu,M,Active,Kenya,18-24,New Releases,2024-06-30,Paid Social
61,7,zainab.adeyemi61@example.com,Zainab,Adeyemi,M,Unsubscribed,Nigeria,35-44,Discounts,2024-03-15,Event
62,3,sarah.mensah62@example.com,Sarah,Mensah,F,Active,Nigeria,18-24,Discounts,2025-10-16,Event
63,8,zainab.diallo63@example.com,Zainab,Diallo,F,Unsubscribed,Nigeria,35-44,Discounts,2024-05-10,Paid Social
64,1,ada.abubakar64@example.com,Ada,Abubakar,M,Active,Nigeria,25-34,New Releases,2025-05-23,Paid Social
65,1,amara.nwosu65@example.com,Amara,Nwosu,F,Active,Canada,18-24,Product Updates,2024-12-09,Partner
66,3,fatima.osei66@example.com,Fatima,Osei,M,Active,South Africa,25-34,Product Updates,2025-03-24,Website
67,6,chinedu.owusu67@example.com,Chinedu,Owusu,F,Active,United Kingdom,25-34,Events,2025-08-14,Organic Search
68,5,samuel.diallo68@example.com,Samuel,Diallo,F,Active,Nigeria,45-54,Educational Content,2024-04-17,Organic Search
69,1,chinedu.abubakar69@example.com,Chinedu,Abubakar,M,Unsubscribed,France,35-44,Product Updates,2024-02-01,Paid Social
70,3,chinedu.owusu70@example.com,Chinedu,Owusu,M,Active,Nigeria,25-34,Discounts,2025-07-07,Paid Social
71,2,noah.adebayo71@example.com,Noah,Adebayo,M,Active,Nigeria,25-34,New Releases,2025-01-04,Partner
72,1,amara.adebayo72@example.com,Amara,Adebayo,F,Unsubscribed,Nigeria,18-24,Discounts,2024-04-28,Website
73,3,sarah.mohamed73@example.com,Sarah,Mohamed,F,Active,United Kingdom,25-34,New Releases,2025-01-25,Paid Social
74,3,ifeoma.adeyemi74@example.com,Ifeoma,Adeyemi,F,Active,Ghana,25-34,Educational Content,2025-11-14,Website
75,1,emeka.owusu75@example.com,Emeka,Owusu,M,Active,Kenya,45-54,New Releases,2025-05-01,Referral
76,4,samuel.mohamed76@example.com,Samuel,Mohamed,F,Active,Nigeria,45-54,Product Updates,2025-08-08,Referral
77,5,victor.kamara77@example.com,Victor,Kamara,M,Active,Canada,25-34,Discounts,2024-05-09,Direct
78,1,amara.owusu78@example.com,Amara,Owusu,M,Inactive,Canada,35-44,New Releases,2024-03-30,Paid Social
79,3,sarah.traore79@example.com,Sarah,Traore,F,Active,Ghana,45-54,Product Updates,2025-06-19,Event
80,6,david.owusu80@example.com,David,Owusu,M,Active,Nigeria,35-44,Product Updates,2024-04-13,Direct
81,6,michael.eze81@example.com,Michael,Eze,F,Active,Nigeria,35-44,New Releases,2024-10-09,Website
82,3,victor.abubakar82@example.com,Victor,Abubakar,M,Active,Ghana,45-54,Discounts,2024-10-02,Organic Search
83,7,ada.traore83@example.com,Ada,Traore,F,Active,Nigeria,45-54,Product Updates,2024-11-03,Direct
84,8,ifeoma.traore84@example.com,Ifeoma,Traore,F,Active,South Africa,35-44,Product Updates,2025-02-20,Organic Search
85,6,joy.eze85@example.com,Joy,Eze,M,Active,Ghana,18-24,Educational Content,2025-06-20,Website
86,6,ada.diallo86@example.com,Ada,Diallo,M,Active,United Kingdom,25-34,Product Updates,2025-01-04,Paid Social
87,5,fatima.eze87@example.com,Fatima,Eze,F,Active,Ghana,35-44,Product Updates,2025-05-15,Website
88,5,chinedu.mohamed88@example.com,Chinedu,Mohamed,F,Active,Nigeria,45-54,Educational Content,2024-10-18,Event
89,1,tunde.diallo89@example.com,Tunde,Diallo,M,Active,United Kingdom,35-44,Discounts,2024-01-21,Paid Social
90,6,ada.mohamed90@example.com,Ada,Mohamed,M,Active,South Africa,35-44,Product Updates,2024-11-08,Paid Social
91,5,fatima.owusu91@example.com,Fatima,Owusu,F,Active,United Kingdom,25-34,Discounts,2025-09-30,Referral
92,3,david.okafor92@example.com,David,Okafor,F,Active,Kenya,35-44,Educational Content,2024-03-06,Paid Social
93,3,fatima.traore93@example.com,Fatima,Traore,F,Active,Nigeria,35-44,Educational Content,2024-09-03,Organic Search
94,7,victor.abubakar94@example.com,Victor,Abubakar,F,Active,South Africa,35-44,Events,2025-03-04,Direct
95,3,tunde.osei95@example.com,Tunde,Osei,F,Active,South Africa,25-34,New Releases,2025-11-18,Website
96,3,noah.diallo96@example.com,Noah,Diallo,M,Active,Nigeria,25-34,Educational Content,2024-07-06,Website
97,7,zainab.bello97@example.com,Zainab,Bello,M,Active,Nigeria,35-44,Educational Content,2025-01-15,Referral
98,2,noah.johnson98@example.com,Noah,Johnson,M,Active,Ghana,45-54,New Releases,2025-04-28,Website
99,7,joy.mensah99@example.com,Joy,Mensah,F,Active,Kenya,25-34,Discounts,2025-02-23,Organic Search
100,8,ifeoma.kamara100@example.com,Ifeoma,Kamara,F,Active,United Kingdom,25-34,Product Updates,2024-06-30,Referral
101,3,tunde.okafor101@example.com,Tunde,Okafor,F,Active,Nigeria,35-44,Discounts,2024-03-31,Website
102,1,daniel.owusu102@example.com,Daniel,Owusu,F,Active,Ghana,25-34,Product Updates,2025-01-17,Organic Search
103,8,zainab.osei103@example.com,Zainab,Osei,M,Unsubscribed,South Africa,35-44,Discounts,2024-05-12,Paid Social
104,1,joy.adebayo104@example.com,Joy,Adebayo,M,Active,Nigeria,18-24,Educational Content,2025-06-20,Referral
105,3,amina.traore105@example.com,Amina,Traore,F,Active,Nigeria,25-34,Events,2024-05-14,Organic Search
106,1,ada.diallo106@example.com,Ada,Diallo,M,Active,Nigeria,35-44,Product Updates,2025-07-01,Paid Social
107,5,victor.adeyemi107@example.com,Victor,Adeyemi,M,Active,South Africa,18-24,Product Updates,2025-07-14,Referral
108,2,amina.osei108@example.com,Amina,Osei,M,Active,Nigeria,35-44,New Releases,2024-05-20,Paid Social
109,3,david.mensah109@example.com,David,Mensah,F,Active,Nigeria,18-24,Discounts,2025-06-19,Website
110,8,emeka.owusu110@example.com,Emeka,Owusu,F,Active,Nigeria,35-44,Discounts,2024-08-28,Website
111,1,amara.mensah111@example.com,Amara,Mensah,F,Active,Nigeria,18-24,New Releases,2024-09-19,Organic Search
112,5,ifeoma.adebayo112@example.com,Ifeoma,Adebayo,F,Unsubscribed,Ghana,18-24,Discounts,2025-11-24,Partner
113,3,david.mensah113@example.com,David,Mensah,M,Unsubscribed,Nigeria,18-24,Discounts,2024-04-05,Paid Social
114,3,zainab.diallo114@example.com,Zainab,Diallo,M,Active,Ghana,55+,Educational Content,2025-05-04,Partner
115,6,chinedu.mensah115@example.com,Chinedu,Mensah,M,Unsubscribed,South Africa,18-24,Discounts,2025-08-05,Organic Search
116,5,chinedu.abubakar116@example.com,Chinedu,Abubakar,F,Active,Kenya,45-54,Discounts,2025-02-25,Referral
117,3,amara.ibrahim117@example.com,Amara,Ibrahim,F,Active,Nigeria,45-54,New Releases,2025-08-01,Event
118,2,zainab.mensah118@example.com,Zainab,Mensah,F,Active,South Africa,25-34,Educational Content,2024-06-01,Website
119,6,michael.adeyemi119@example.com,Michael,Adeyemi,M,Inactive,South Africa,18-24,Events,2025-05-18,Partner
120,3,zainab.ibrahim120@example.com,Zainab,Ibrahim,M,Active,Ghana,35-44,Events,2025-04-15,Paid Social
121,3,hauwa.johnson121@example.com,Hauwa,Johnson,M,Active,United Kingdom,25-34,Product Updates,2024-01-19,Direct
122,1,daniel.adeyemi122@example.com,Daniel,Adeyemi,M,Inactive,France,45-54,New Releases,2025-11-01,Website
123,5,zainab.eze123@example.com,Zainab,Eze,M,Active,France,45-54,Educational Content,2025-04-29,Website
124,5,emeka.johnson124@example.com,Emeka,Johnson,M,Unsubscribed,Nigeria,35-44,Product Updates,2025-07-14,Paid Social
125,4,david.adeyemi125@example.com,David,Adeyemi,M,Active,Ghana,45-54,Events,2024-07-11,Organic Search
126,1,sarah.osei126@example.com,Sarah,Osei,F,Active,France,25-34,Educational Content,2025-10-10,Organic Search
127,6,hauwa.mensah127@example.com,Hauwa,Mensah,F,Active,Ghana,35-44,New Releases,2025-06-27,Organic Search
128,6,michael.owusu128@example.com,Michael,Owusu,F,Active,Canada,45-54,Discounts,2024-05-11,Website
129,1,victor.traore129@example.com,Victor,Traore,F,Unsubscribed,Ghana,35-44,Discounts,2025-04-08,Paid Social
130,6,amina.owusu130@example.com,Amina,Owusu,F,Inactive,United Kingdom,35-44,Educational Content,2024-07-24,Website
131,1,noah.eze131@example.com,Noah,Eze,M,Active,Canada,35-44,Discounts,2024-11-26,Referral
132,5,emeka.mohamed132@example.com,Emeka,Mohamed,F,Inactive,South Africa,45-54,New Releases,2025-06-19,Paid Social
133,1,sarah.kamara133@example.com,Sarah,Kamara,M,Active,South Africa,25-34,Discounts,2024-05-29,Direct
134,6,noah.osei134@example.com,Noah,Osei,M,Active,Nigeria,25-34,New Releases,2024-08-17,Partner
135,6,michael.abubakar135@example.com,Michael,Abubakar,M,Active,Ghana,45-54,Educational Content,2025-01-25,Website
136,3,zainab.adeyemi136@example.com,Zainab,Adeyemi,M,Unsubscribed,France,25-34,Events,2025-08-25,Partner
137,4,victor.osei137@example.com,Victor,Osei,M,Active,Nigeria,18-24,Product Updates,2025-06-10,Organic Search
138,1,tunde.owusu138@example.com,Tunde,Owusu,F,Active,Kenya,18-24,New Releases,2025-04-22,Partner
139,5,amina.adeyemi139@example.com,Amina,Adeyemi,M,Active,Canada,35-44,New Releases,2025-08-09,Partner
140,4,amara.traore140@example.com,Amara,Traore,M,Active,Canada,35-44,New Releases,2025-02-17,Organic Search
141,1,samuel.osei141@example.com,Samuel,Osei,F,Inactive,Nigeria,25-34,New Releases,2024-04-27,Referral
142,5,ifeoma.nwosu142@example.com,Ifeoma,Nwosu,M,Inactive,Canada,35-44,Educational Content,2025-01-30,Paid Social
143,2,noah.okafor143@example.com,Noah,Okafor,F,Inactive,Ghana,25-34,Events,2024-11-24,Organic Search
144,4,david.diallo144@example.com,David,Diallo,M,Active,Kenya,25-34,Discounts,2024-04-16,Partner
145,1,daniel.bello145@example.com,Daniel,Bello,M,Active,Nigeria,35-44,Product Updates,2024-09-14,Organic Search
146,4,hauwa.nwosu146@example.com,Hauwa,Nwosu,F,Active,Ghana,25-34,Events,2025-11-20,Referral
147,1,ada.bello147@example.com,Ada,Bello,M,Active,South Africa,18-24,New Releases,2024-11-04,Organic Search
148,5,noah.johnson148@example.com,Noah,Johnson,F,Active,Ghana,35-44,Events,2025-02-04,Organic Search
149,6,michael.adebayo149@example.com,Michael,Adebayo,M,Active,Nigeria,45-54,Educational Content,2025-07-22,Direct
150,1,tunde.okafor150@example.com,Tunde,Okafor,F,Unsubscribed,Kenya,55+,Educational Content,2024-08-04,Paid Social
151,3,joy.kamara151@example.com,Joy,Kamara,M,Active,Nigeria,35-44,Educational Content,2025-08-03,Paid Social
152,6,michael.johnson152@example.com,Michael,Johnson,M,Active,Nigeria,18-24,Product Updates,2024-12-04,Paid Social
153,3,samuel.mensah153@example.com,Samuel,Mensah,F,Active,Kenya,45-54,Educational Content,2025-11-06,Referral
154,3,hauwa.kamara154@example.com,Hauwa,Kamara,F,Active,France,55+,Discounts,2024-08-14,Organic Search
155,5,daniel.ibrahim155@example.com,Daniel,Ibrahim,F,Active,Nigeria,35-44,Events,2024-11-08,Referral
156,4,david.diallo156@example.com,David,Diallo,M,Active,United Kingdom,45-54,Discounts,2025-10-03,Partner
157,1,amara.okafor157@example.com,Amara,Okafor,M,Active,France,35-44,New Releases,2024-09-23,Paid Social
158,4,michael.mohamed158@example.com,Michael,Mohamed,M,Active,Nigeria,25-34,New Releases,2025-04-20,Event
159,4,amara.abubakar159@example.com,Amara,Abubakar,F,Active,Ghana,35-44,New Releases,2024-05-23,Website
160,3,chinedu.kamara160@example.com,Chinedu,Kamara,F,Active,Canada,18-24,Events,2024-08-27,Paid Social
161,1,grace.eze161@example.com,Grace,Eze,F,Active,Ghana,25-34,Product Updates,2024-04-15,Organic Search
162,5,joy.ibrahim162@example.com,Joy,Ibrahim,F,Active,Kenya,35-44,Events,2025-10-31,Website
163,7,amara.ibrahim163@example.com,Amara,Ibrahim,F,Unsubscribed,Canada,25-34,Events,2025-05-08,Paid Social
164,7,ada.kamara164@example.com,Ada,Kamara,F,Active,Nigeria,18-24,Educational Content,2025-01-05,Paid Social
165,5,david.nwosu165@example.com,David,Nwosu,F,Active,France,35-44,Events,2025-08-27,Website
166,1,daniel.okafor166@example.com,Daniel,Okafor,M,Active,Nigeria,35-44,Discounts,2025-08-09,Organic Search
167,1,chinedu.ibrahim167@example.com,Chinedu,Ibrahim,M,Unsubscribed,Ghana,25-34,New Releases,2024-03-28,Website
168,1,victor.mohamed168@example.com,Victor,Mohamed,F,Active,Nigeria,45-54,New Releases,2024-07-05,Organic Search
169,5,joy.ibrahim169@example.com,Joy,Ibrahim,M,Active,South Africa,25-34,Events,2025-01-22,Website
170,3,david.okafor170@example.com,David,Okafor,M,Active,Kenya,45-54,Events,2024-06-30,Partner
171,4,victor.adeyemi171@example.com,Victor,Adeyemi,M,Active,Nigeria,35-44,New Releases,2025-11-25,Referral
172,5,joy.owusu172@example.com,Joy,Owusu,F,Unsubscribed,United Kingdom,35-44,Events,2024-12-24,Paid Social
173,5,hauwa.mensah173@example.com,Hauwa,Mensah,F,Active,Nigeria,25-34,Discounts,2025-09-04,Direct
174,6,daniel.ibrahim174@example.com,Daniel,Ibrahim,M,Active,Nigeria,35-44,Product Updates,2024-01-08,Website
175,3,grace.traore175@example.com,Grace,Traore,F,Unsubscribed,Nigeria,18-24,New Releases,2025-08-01,Paid Social
176,3,fatima.abubakar176@example.com,Fatima,Abubakar,M,Active,Ghana,45-54,Events,2025-05-10,Organic Search
177,2,noah.eze177@example.com,Noah,Eze,F,Active,France,45-54,Product Updates,2024-06-14,Event
178,1,joy.abubakar178@example.com,Joy,Abubakar,F,Inactive,France,35-44,Product Updates,2024-04-03,Organic Search
179,6,musa.owusu179@example.com,Musa,Owusu,M,Active,Nigeria,25-34,Product Updates,2025-02-14,Website
180,5,joy.adebayo180@example.com,Joy,Adebayo,M,Active,Canada,45-54,Events,2025-11-03,Referral
181,7,joy.adebayo181@example.com,Joy,Adebayo,M,Active,Nigeria,35-44,New Releases,2025-11-21,Website
182,1,samuel.okafor182@example.com,Samuel,Okafor,M,Active,Nigeria,25-34,Events,2025-08-23,Paid Social
183,1,ada.bello183@example.com,Ada,Bello,M,Active,Kenya,35-44,New Releases,2024-10-10,Direct
184,2,grace.johnson184@example.com,Grace,Johnson,F,Active,Kenya,25-34,Events,2025-05-30,Referral
185,2,david.ibrahim185@example.com,David,Ibrahim,F,Active,South Africa,55+,New Releases,2024-12-13,Referral
186,8,ifeoma.johnson186@example.com,Ifeoma,Johnson,M,Inactive,Ghana,25-34,Events,2024-11-19,Website
187,3,emeka.okafor187@example.com,Emeka,Okafor,F,Unsubscribed,Nigeria,18-24,Educational Content,2024-11-17,Organic Search
188,3,hauwa.ibrahim188@example.com,Hauwa,Ibrahim,M,Active,Canada,35-44,Discounts,2024-09-04,Referral
189,6,grace.nwosu189@example.com,Grace,Nwosu,M,Active,United Kingdom,45-54,Educational Content,2024-03-21,Organic Search
190,5,musa.okafor190@example.com,Musa,Okafor,M,Unsubscribed,United Kingdom,25-34,Educational Content,2025-05-17,Referral
191,1,joy.ibrahim191@example.com,Joy,Ibrahim,F,Active,Nigeria,35-44,Product Updates,2025-07-07,Referral
192,1,emeka.abubakar192@example.com,Emeka,Abubakar,M,Active,Ghana,18-24,New Releases,2024-01-13,Referral
193,5,sarah.mensah193@example.com,Sarah,Mensah,F,Active,Nigeria,45-54,Discounts,2025-04-27,Referral
194,8,zainab.eze194@example.com,Zainab,Eze,M,Active,Ghana,25-34,Educational Content,2025-04-06,Paid Social
195,1,amina.nwosu195@example.com,Amina,Nwosu,M,Active,South Africa,45-54,New Releases,2024-05-29,Referral
196,6,amina.mohamed196@example.com,Amina,Mohamed,M,Active,Nigeria,25-34,New Releases,2025-05-13,Referral
197,3,michael.adeyemi197@example.com,Michael,Adeyemi,F,Active,Nigeria,18-24,Discounts,2025-10-06,Partner
198,1,zainab.ibrahim198@example.com,Zainab,Ibrahim,F,Active,Nigeria,35-44,Educational Content,2024-12-25,Paid Social
199,6,victor.osei199@example.com,Victor,Osei,M,Active,Canada,25-34,Educational Content,2025-04-02,Website
200,7,sarah.adebayo200@example.com,Sarah,Adebayo,F,Unsubscribed,Kenya,18-24,Discounts,2025-10-08,Website
201,5,sarah.bello201@example.com,Sarah,Bello,M,Active,Nigeria,25-34,Educational Content,2025-09-11,Website
202,5,fatima.johnson202@example.com,Fatima,Johnson,F,Active,France,35-44,Events,2024-01-24,Referral
203,1,samuel.ibrahim203@example.com,Samuel,Ibrahim,M,Inactive,Nigeria,25-34,Product Updates,2024-01-27,Organic Search
204,6,joy.bello204@example.com,Joy,Bello,M,Active,Nigeria,18-24,Events,2024-10-17,Paid Social
205,3,amina.kamara205@example.com,Amina,Kamara,M,Active,Nigeria,35-44,Educational Content,2025-07-07,Partner
206,7,michael.johnson206@example.com,Michael,Johnson,M,Active,Canada,35-44,Discounts,2025-10-13,Website
207,6,daniel.adebayo207@example.com,Daniel,Adebayo,F,Active,Ghana,25-34,Product Updates,2024-09-23,Referral
208,1,ada.okafor208@example.com,Ada,Okafor,M,Active,Nigeria,25-34,Product Updates,2025-05-03,Website
209,2,daniel.adebayo209@example.com,Daniel,Adebayo,M,Active,France,35-44,Discounts,2025-02-08,Referral
210,2,sarah.abubakar210@example.com,Sarah,Abubakar,M,Active,Nigeria,25-34,Discounts,2025-09-19,Referral
211,6,fatima.adebayo211@example.com,Fatima,Adebayo,F,Active,Ghana,45-54,Discounts,2025-04-11,Organic Search
212,5,fatima.mohamed212@example.com,Fatima,Mohamed,M,Unsubscribed,Nigeria,18-24,New Releases,2024-10-02,Organic Search
213,1,ifeoma.okafor213@example.com,Ifeoma,Okafor,M,Active,Nigeria,18-24,Discounts,2025-05-25,Paid Social
214,8,ifeoma.adeyemi214@example.com,Ifeoma,Adeyemi,F,Active,Nigeria,35-44,Discounts,2024-03-14,Organic Search
215,4,chinedu.osei215@example.com,Chinedu,Osei,F,Active,France,45-54,Product Updates,2025-01-29,Direct
216,6,ifeoma.nwosu216@example.com,Ifeoma,Nwosu,M,Unsubscribed,Nigeria,35-44,Product Updates,2025-02-02,Referral
217,5,noah.traore217@example.com,Noah,Traore,M,Active,Kenya,18-24,New Releases,2025-10-15,Referral
218,2,emeka.adeyemi218@example.com,Emeka,Adeyemi,M,Active,Canada,25-34,Events,2024-10-09,Paid Social
219,5,sarah.nwosu219@example.com,Sarah,Nwosu,M,Active,Canada,35-44,Events,2024-04-01,Website
220,2,musa.bello220@example.com,Musa,Bello,F,Active,Canada,55+,Product Updates,2025-07-03,Organic Search
221,6,amina.mohamed221@example.com,Amina,Mohamed,M,Active,Nigeria,35-44,Educational Content,2024-07-16,Event
222,1,sarah.eze222@example.com,Sarah,Eze,M,Active,Nigeria,18-24,Events,2025-05-16,Website
223,1,chinedu.eze223@example.com,Chinedu,Eze,F,Active,France,25-34,New Releases,2024-03-11,Direct
224,4,ifeoma.adebayo224@example.com,Ifeoma,Adebayo,F,Active,Kenya,25-34,New Releases,2024-01-20,Paid Social
225,5,emeka.nwosu225@example.com,Emeka,Nwosu,F,Active,South Africa,35-44,New Releases,2025-11-30,Partner
226,4,michael.kamara226@example.com,Michael,Kamara,F,Active,Nigeria,35-44,Product Updates,2024-02-14,Organic Search
227,6,amina.diallo227@example.com,Amina,Diallo,M,Active,Nigeria,25-34,Product Updates,2025-02-01,Organic Search
228,5,joy.ibrahim228@example.com,Joy,Ibrahim,M,Unsubscribed,Nigeria,35-44,Product Updates,2024-03-22,Organic Search
229,3,tunde.eze229@example.com,Tunde,Eze,F,Active,France,45-54,Product Updates,2024-02-11,Partner
230,6,noah.bello230@example.com,Noah,Bello,M,Active,Canada,18-24,Discounts,2025-06-22,Referral
231,5,hauwa.diallo231@example.com,Hauwa,Diallo,F,Active,France,35-44,New Releases,2025-11-12,Paid Social
232,3,david.diallo232@example.com,David,Diallo,M,Active,Kenya,25-34,Discounts,2024-12-26,Referral
233,7,michael.traore233@example.com,Michael,Traore,F,Active,Ghana,35-44,Educational Content,2024-08-07,Website
234,3,michael.ibrahim234@example.com,Michael,Ibrahim,F,Active,Canada,25-34,Events,2024-10-18,Organic Search
235,5,joy.kamara235@example.com,Joy,Kamara,F,Active,Nigeria,55+,Discounts,2025-12-07,Partner
236,6,michael.kamara236@example.com,Michael,Kamara,M,Inactive,Nigeria,25-34,Discounts,2024-08-26,Paid Social
237,2,noah.bello237@example.com,Noah,Bello,F,Active,Kenya,25-34,Product Updates,2024-06-26,Website
238,4,hauwa.mensah238@example.com,Hauwa,Mensah,F,Active,Nigeria,45-54,Events,2024-12-08,Organic Search
239,3,daniel.owusu239@example.com,Daniel,Owusu,M,Active,United Kingdom,25-34,New Releases,2025-10-09,Direct
240,3,noah.adeyemi240@example.com,Noah,Adeyemi,F,Active,Kenya,18-24,New Releases,2025-11-20,Website
241,6,sarah.johnson241@example.com,Sarah,Johnson,M,Active,Nigeria,25-34,Events,2025-05-02,Organic Search
242,4,tunde.abubakar242@example.com,Tunde,Abubakar,F,Active,Nigeria,25-34,Discounts,2024-07-21,Event
243,4,hauwa.osei243@example.com,Hauwa,Osei,M,Inactive,Nigeria,25-34,Events,2024-04-25,Paid Social
244,5,daniel.eze244@example.com,Daniel,Eze,F,Active,Nigeria,25-34,Product Updates,2024-12-24,Event
245,5,ifeoma.kamara245@example.com,Ifeoma,Kamara,F,Active,Nigeria,45-54,Discounts,2024-03-28,Website
246,1,tunde.nwosu246@example.com,Tunde,Nwosu,M,Unsubscribed,United Kingdom,45-54,Product Updates,2025-04-05,Paid Social
247,4,zainab.osei247@example.com,Zainab,Osei,M,Active,Nigeria,35-44,Educational Content,2024-05-24,Referral
248,5,ada.abubakar248@example.com,Ada,Abubakar,M,Active,Nigeria,18-24,Discounts,2024-02-24,Event
249,3,ada.bello249@example.com,Ada,Bello,F,Active,South Africa,35-44,Educational Content,2025-10-26,Partner
250,3,sarah.mensah250@example.com,Sarah,Mensah,F,Active,Ghana,35-44,Product Updates,2025-04-13,Organic Search
251,4,ada.adeyemi251@example.com,Ada,Adeyemi,M,Active,Canada,25-34,Events,2024-12-21,Paid Social
252,5,emeka.adebayo252@example.com,Emeka,Adebayo,M,Active,Canada,55+,Educational Content,2025-01-31,Partner
253,7,ada.ibrahim253@example.com,Ada,Ibrahim,M,Active,Nigeria,45-54,Discounts,2025-11-25,Organic Search
254,5,samuel.owusu254@example.com,Samuel,Owusu,M,Active,Kenya,25-34,Educational Content,2025-07-09,Direct
255,1,amina.osei255@example.com,Amina,Osei,M,Active,Nigeria,35-44,New Releases,2024-05-28,Direct
256,5,hauwa.diallo256@example.com,Hauwa,Diallo,F,Active,Nigeria,35-44,Product Updates,2024-05-29,Organic Search
257,6,zainab.owusu257@example.com,Zainab,Owusu,F,Active,Nigeria,35-44,Educational Content,2024-05-14,Organic Search
258,1,victor.ibrahim258@example.com,Victor,Ibrahim,M,Unsubscribed,Kenya,25-34,Product Updates,2024-05-17,Paid Social
259,4,victor.mohamed259@example.com,Victor,Mohamed,F,Active,Nigeria,25-34,Events,2024-02-03,Organic Search
260,3,ada.ibrahim260@example.com,Ada,Ibrahim,F,Active,Nigeria,35-44,Discounts,2025-03-25,Event
261,6,musa.traore261@example.com,Musa,Traore,F,Unsubscribed,United Kingdom,25-34,Product Updates,2025-02-07,Website
262,5,hauwa.adeyemi262@example.com,Hauwa,Adeyemi,M,Active,Ghana,45-54,Product Updates,2025-07-04,Partner
263,3,tunde.abubakar263@example.com,Tunde,Abubakar,M,Active,Nigeria,25-34,Educational Content,2024-06-19,Event
264,3,victor.adeyemi264@example.com,Victor,Adeyemi,M,Active,Ghana,35-44,Product Updates,2025-08-22,Website
265,7,michael.kamara265@example.com,Michael,Kamara,F,Active,Ghana,25-34,Discounts,2024-07-25,Referral
266,7,amara.ibrahim266@example.com,Amara,Ibrahim,F,Active,South Africa,45-54,Discounts,2024-04-26,Website
267,5,emeka.bello267@example.com,Emeka,Bello,F,Active,South Africa,55+,New Releases,2025-01-24,Direct
268,1,chinedu.traore268@example.com,Chinedu,Traore,M,Active,Nigeria,18-24,Product Updates,2025-04-01,Referral
269,2,chinedu.mensah269@example.com,Chinedu,Mensah,M,Active,Canada,18-24,Educational Content,2025-05-25,Organic Search
270,4,ada.mohamed270@example.com,Ada,Mohamed,M,Active,Nigeria,35-44,Events,2025-09-06,Referral
271,1,michael.ibrahim271@example.com,Michael,Ibrahim,M,Active,Nigeria,18-24,Educational Content,2025-11-14,Organic Search
272,4,victor.adebayo272@example.com,Victor,Adebayo,F,Active,Canada,18-24,Events,2024-10-18,Direct
273,5,victor.diallo273@example.com,Victor,Diallo,F,Active,France,25-34,Product Updates,2025-01-12,Organic Search
274,7,amara.owusu274@example.com,Amara,Owusu,M,Active,Nigeria,18-24,Educational Content,2024-08-02,Paid Social
275,5,victor.adeyemi275@example.com,Victor,Adeyemi,M,Active,Kenya,55+,New Releases,2025-12-06,Direct
276,5,noah.owusu276@example.com,Noah,Owusu,F,Active,Nigeria,35-44,New Releases,2025-07-30,Paid Social
277,4,musa.mohamed277@example.com,Musa,Mohamed,M,Active,United Kingdom,25-34,Educational Content,2024-01-25,Direct
278,3,david.osei278@example.com,David,Osei,F,Active,Ghana,25-34,New Releases,2025-10-17,Event
279,1,noah.ibrahim279@example.com,Noah,Ibrahim,M,Active,Nigeria,25-34,Educational Content,2024-12-07,Event
280,3,hauwa.okafor280@example.com,Hauwa,Okafor,M,Active,Nigeria,45-54,Events,2025-10-23,Direct
281,1,amina.johnson281@example.com,Amina,Johnson,F,Active,Ghana,45-54,Product Updates,2025-11-25,Partner
282,3,michael.okafor282@example.com,Michael,Okafor,M,Active,Kenya,25-34,Educational Content,2024-02-01,Organic Search
283,3,sarah.diallo283@example.com,Sarah,Diallo,F,Active,Nigeria,18-24,Educational Content,2024-02-02,Website
284,2,amara.mohamed284@example.com,Amara,Mohamed,M,Active,Nigeria,45-54,Educational Content,2024-04-24,Paid Social
285,3,tunde.osei285@example.com,Tunde,Osei,M,Active,Ghana,18-24,Events,2024-12-14,Direct
286,7,joy.adebayo286@example.com,Joy,Adebayo,F,Active,Nigeria,45-54,New Releases,2024-02-07,Website
287,3,joy.mensah287@example.com,Joy,Mensah,M,Active,Nigeria,18-24,New Releases,2024-02-17,Partner
288,1,noah.okafor288@example.com,Noah,Okafor,F,Active,Kenya,25-34,Discounts,2024-11-22,Paid Social
289,6,david.ibrahim289@example.com,David,Ibrahim,M,Active,Nigeria,18-24,New Releases,2025-07-09,Website
290,3,zainab.ibrahim290@example.com,Zainab,Ibrahim,M,Active,Canada,45-54,New Releases,2025-09-19,Paid Social
291,7,michael.johnson291@example.com,Michael,Johnson,M,Active,Nigeria,25-34,Product Updates,2025-03-12,Organic Search
292,3,victor.johnson292@example.com,Victor,Johnson,F,Unsubscribed,Nigeria,45-54,New Releases,2025-08-04,Organic Search
293,1,ifeoma.mensah293@example.com,Ifeoma,Mensah,F,Inactive,Nigeria,35-44,Events,2025-09-23,Referral
294,2,emeka.abubakar294@example.com,Emeka,Abubakar,M,Active,South Africa,35-44,Educational Content,2025-05-01,Referral
295,1,musa.johnson295@example.com,Musa,Johnson,M,Active,Nigeria,25-34,New Releases,2024-04-19,Organic Search
296,3,amara.adebayo296@example.com,Amara,Adebayo,F,Active,Ghana,25-34,New Releases,2025-05-08,Paid Social
297,3,zainab.osei297@example.com,Zainab,Osei,F,Active,France,25-34,Educational Content,2025-11-09,Referral
298,5,hauwa.mohamed298@example.com,Hauwa,Mohamed,M,Active,Kenya,25-34,New Releases,2024-11-11,Organic Search
299,8,amara.mensah299@example.com,Amara,Mensah,F,Active,Nigeria,35-44,Product Updates,2025-08-17,Organic Search
300,7,ada.kamara300@example.com,Ada,Kamara,M,Active,Ghana,25-34,New Releases,2025-11-28,Website
301,6,noah.adebayo301@example.com,Noah,Adebayo,F,Active,South Africa,45-54,Product Updates,2025-06-06,Website
302,3,amina.adebayo302@example.com,Amina,Adebayo,M,Active,Nigeria,35-44,Product Updates,2025-01-02,Organic Search
303,1,noah.okafor303@example.com,Noah,Okafor,M,Active,Ghana,35-44,Educational Content,2025-03-21,Website
304,4,chinedu.mohamed304@example.com,Chinedu,Mohamed,M,Active,Nigeria,25-34,Educational Content,2025-11-17,Partner
305,1,ada.bello305@example.com,Ada,Bello,M,Active,Nigeria,45-54,Events,2024-05-20,Direct
306,5,daniel.johnson306@example.com,Daniel,Johnson,F,Active,Kenya,25-34,Events,2024-12-29,Website
307,2,daniel.okafor307@example.com,Daniel,Okafor,F,Unsubscribed,United Kingdom,25-34,New Releases,2024-02-04,Paid Social
308,8,hauwa.mohamed308@example.com,Hauwa,Mohamed,F,Active,Nigeria,25-34,Product Updates,2024-10-13,Organic Search
309,3,amara.bello309@example.com,Amara,Bello,M,Active,Ghana,35-44,Product Updates,2025-08-16,Website
310,3,tunde.traore310@example.com,Tunde,Traore,M,Active,Ghana,25-34,Events,2024-12-27,Website
311,8,noah.adebayo311@example.com,Noah,Adebayo,M,Active,Nigeria,55+,Educational Content,2024-03-03,Website
312,5,hauwa.diallo312@example.com,Hauwa,Diallo,M,Active,South Africa,25-34,New Releases,2024-05-09,Organic Search
313,4,fatima.ibrahim313@example.com,Fatima,Ibrahim,M,Active,Kenya,25-34,Educational Content,2024-06-27,Organic Search
314,7,amina.johnson314@example.com,Amina,Johnson,F,Active,France,25-34,Discounts,2024-02-03,Referral
315,3,amara.kamara315@example.com,Amara,Kamara,M,Active,United Kingdom,35-44,Events,2025-03-26,Event
316,6,chinedu.osei316@example.com,Chinedu,Osei,F,Active,Nigeria,25-34,Product Updates,2025-05-02,Organic Search
317,3,michael.nwosu317@example.com,Michael,Nwosu,F,Inactive,South Africa,25-34,Educational Content,2024-10-22,Organic Search
318,7,ifeoma.abubakar318@example.com,Ifeoma,Abubakar,F,Active,Canada,35-44,Product Updates,2024-12-28,Organic Search
319,8,daniel.ibrahim319@example.com,Daniel,Ibrahim,F,Active,Nigeria,45-54,Educational Content,2025-11-22,Website
320,6,hauwa.osei320@example.com,Hauwa,Osei,F,Active,South Africa,55+,Educational Content,2024-03-10,Referral
321,1,david.mensah321@example.com,David,Mensah,F,Active,Nigeria,35-44,Educational Content,2024-04-04,Paid Social
322,1,victor.osei322@example.com,Victor,Osei,M,Active,South Africa,18-24,New Releases,2025-10-25,Organic Search
323,4,chinedu.mensah323@example.com,Chinedu,Mensah,M,Unsubscribed,Nigeria,25-34,Product Updates,2025-03-13,Website
324,5,zainab.ibrahim324@example.com,Zainab,Ibrahim,M,Active,France,25-34,Product Updates,2024-03-02,Paid Social
325,2,fatima.diallo325@example.com,Fatima,Diallo,F,Active,Nigeria,55+,Discounts,2025-05-18,Website
326,1,michael.owusu326@example.com,Michael,Owusu,M,Active,Kenya,18-24,Events,2024-03-15,Website
327,1,fatima.johnson327@example.com,Fatima,Johnson,M,Active,United Kingdom,18-24,Product Updates,2024-09-29,Direct
328,1,zainab.abubakar328@example.com,Zainab,Abubakar,M,Active,Ghana,55+,Events,2024-03-12,Referral
329,4,ada.abubakar329@example.com,Ada,Abubakar,F,Active,Nigeria,35-44,Educational Content,2024-02-26,Paid Social
330,5,amara.eze330@example.com,Amara,Eze,F,Active,Nigeria,25-34,Educational Content,2024-02-10,Website
331,8,grace.adebayo331@example.com,Grace,Adebayo,F,Active,United Kingdom,35-44,Educational Content,2025-03-24,Referral
332,6,amina.adeyemi332@example.com,Amina,Adeyemi,M,Active,Nigeria,55+,Discounts,2025-07-07,Referral
333,5,musa.johnson333@example.com,Musa,Johnson,M,Active,Nigeria,18-24,Product Updates,2025-10-31,Paid Social
334,5,ifeoma.kamara334@example.com,Ifeoma,Kamara,M,Active,Canada,18-24,Discounts,2025-09-25,Referral
335,1,amina.okafor335@example.com,Amina,Okafor,M,Active,Kenya,45-54,Product Updates,2025-08-28,Referral
336,1,david.mensah336@example.com,David,Mensah,F,Active,Kenya,35-44,Product Updates,2025-11-25,Event
337,3,david.kamara337@example.com,David,Kamara,F,Active,United Kingdom,45-54,Product Updates,2024-05-03,Website
338,2,daniel.diallo338@example.com,Daniel,Diallo,F,Active,Kenya,25-34,New Releases,2025-10-09,Organic Search
339,5,chinedu.okafor339@example.com,Chinedu,Okafor,F,Active,Nigeria,18-24,Product Updates,2024-10-17,Website
340,3,musa.kamara340@example.com,Musa,Kamara,M,Inactive,Nigeria,25-34,Events,2025-09-02,Referral
341,1,musa.bello341@example.com,Musa,Bello,F,Inactive,Nigeria,18-24,Discounts,2025-09-25,Paid Social
342,3,michael.nwosu342@example.com,Michael,Nwosu,F,Active,France,35-44,Educational Content,2024-06-01,Organic Search
343,5,musa.mohamed343@example.com,Musa,Mohamed,M,Active,Nigeria,55+,Product Updates,2025-03-21,Website
344,2,victor.johnson344@example.com,Victor,Johnson,M,Active,Nigeria,18-24,New Releases,2025-05-11,Organic Search
345,4,amara.nwosu345@example.com,Amara,Nwosu,F,Inactive,Kenya,25-34,Discounts,2024-04-22,Event
346,3,david.nwosu346@example.com,David,Nwosu,F,Active,United Kingdom,25-34,Discounts,2024-02-25,Organic Search
347,7,amina.osei347@example.com,Amina,Osei,F,Active,Nigeria,25-34,Events,2024-10-03,Website
348,1,amina.adeyemi348@example.com,Amina,Adeyemi,M,Active,Nigeria,18-24,Events,2024-12-17,Referral
349,1,noah.diallo349@example.com,Noah,Diallo,M,Active,Kenya,35-44,Discounts,2025-05-15,Organic Search
350,6,grace.mohamed350@example.com,Grace,Mohamed,F,Active,Nigeria,35-44,Discounts,2024-08-15,Paid Social
351,7,hauwa.kamara351@example.com,Hauwa,Kamara,M,Active,Ghana,18-24,Events,2025-03-11,Event
352,4,musa.mensah352@example.com,Musa,Mensah,F,Active,Ghana,18-24,Product Updates,2024-08-11,Website
353,1,noah.nwosu353@example.com,Noah,Nwosu,M,Inactive,Nigeria,35-44,Discounts,2025-04-10,Website
354,3,amina.abubakar354@example.com,Amina,Abubakar,M,Active,France,25-34,Events,2025-10-04,Website
355,1,zainab.adeyemi355@example.com,Zainab,Adeyemi,F,Active,Ghana,25-34,New Releases,2025-12-02,Referral
356,1,zainab.adeyemi356@example.com,Zainab,Adeyemi,F,Active,United Kingdom,18-24,Educational Content,2025-01-10,Referral
357,1,michael.bello357@example.com,Michael,Bello,M,Active,Nigeria,25-34,New Releases,2025-08-17,Organic Search
358,6,grace.nwosu358@example.com,Grace,Nwosu,F,Active,Nigeria,25-34,Events,2024-12-19,Paid Social
359,3,joy.mensah359@example.com,Joy,Mensah,F,Active,South Africa,35-44,New Releases,2025-01-11,Partner
360,6,amara.osei360@example.com,Amara,Osei,F,Inactive,Nigeria,25-34,Discounts,2024-06-17,Paid Social
361,2,amina.mohamed361@example.com,Amina,Mohamed,M,Inactive,United Kingdom,35-44,Product Updates,2025-04-30,Paid Social
362,3,ifeoma.okafor362@example.com,Ifeoma,Okafor,F,Active,Nigeria,18-24,Discounts,2024-12-09,Partner
363,3,zainab.traore363@example.com,Zainab,Traore,F,Active,Kenya,35-44,New Releases,2024-05-15,Referral
364,7,noah.diallo364@example.com,Noah,Diallo,F,Active,Nigeria,25-34,Educational Content,2024-12-27,Event
365,2,chinedu.diallo365@example.com,Chinedu,Diallo,F,Active,Nigeria,18-24,Discounts,2024-11-20,Organic Search
366,4,ifeoma.ibrahim366@example.com,Ifeoma,Ibrahim,F,Inactive,Nigeria,35-44,Product Updates,2025-01-16,Website
367,3,chinedu.adebayo367@example.com,Chinedu,Adebayo,M,Unsubscribed,Canada,25-34,Events,2024-06-08,Event
368,1,michael.traore368@example.com,Michael,Traore,F,Active,Ghana,25-34,New Releases,2025-03-28,Website
369,3,david.mohamed369@example.com,David,Mohamed,M,Active,Nigeria,35-44,Educational Content,2024-08-13,Organic Search
370,3,amara.traore370@example.com,Amara,Traore,M,Unsubscribed,Kenya,25-34,New Releases,2024-07-19,Paid Social
371,1,michael.johnson371@example.com,Michael,Johnson,M,Active,Canada,25-34,Events,2024-02-27,Paid Social
372,7,emeka.abubakar372@example.com,Emeka,Abubakar,M,Active,South Africa,25-34,Events,2024-12-25,Paid Social
373,3,ifeoma.bello373@example.com,Ifeoma,Bello,M,Active,South Africa,25-34,Events,2025-03-10,Event
374,6,daniel.kamara374@example.com,Daniel,Kamara,M,Active,Nigeria,25-34,New Releases,2025-08-27,Direct
375,6,amara.okafor375@example.com,Amara,Okafor,F,Active,Kenya,25-34,Discounts,2024-05-20,Website
376,1,sarah.adebayo376@example.com,Sarah,Adebayo,F,Active,Nigeria,45-54,New Releases,2025-04-19,Paid Social
377,2,ada.kamara377@example.com,Ada,Kamara,F,Active,Nigeria,35-44,Events,2024-10-21,Organic Search
378,3,musa.nwosu378@example.com,Musa,Nwosu,M,Active,Nigeria,25-34,Product Updates,2025-05-07,Website
379,4,fatima.mohamed379@example.com,Fatima,Mohamed,M,Active,Nigeria,35-44,Product Updates,2024-02-29,Partner
380,1,ifeoma.kamara380@example.com,Ifeoma,Kamara,F,Inactive,Nigeria,25-34,Events,2024-10-23,Website
381,2,amara.osei381@example.com,Amara,Osei,M,Active,France,35-44,Discounts,2025-12-02,Referral
382,6,fatima.eze382@example.com,Fatima,Eze,M,Active,Kenya,25-34,Discounts,2025-01-16,Organic Search
383,6,daniel.traore383@example.com,Daniel,Traore,M,Inactive,Nigeria,18-24,Discounts,2025-03-03,Partner
384,3,amara.mensah384@example.com,Amara,Mensah,M,Active,Canada,25-34,Educational Content,2025-03-28,Website
385,7,victor.traore385@example.com,Victor,Traore,M,Inactive,South Africa,18-24,Product Updates,2025-12-05,Paid Social
386,2,amina.osei386@example.com,Amina,Osei,M,Active,Canada,25-34,Product Updates,2025-03-17,Organic Search
387,1,david.adeyemi387@example.com,David,Adeyemi,M,Active,Ghana,45-54,Product Updates,2024-04-08,Organic Search
388,6,victor.osei388@example.com,Victor,Osei,M,Active,Nigeria,25-34,Product Updates,2024-10-11,Organic Search
389,7,emeka.eze389@example.com,Emeka,Eze,M,Active,United Kingdom,45-54,New Releases,2024-04-11,Paid Social
390,6,ada.osei390@example.com,Ada,Osei,M,Active,Canada,18-24,New Releases,2024-08-07,Organic Search
391,7,musa.eze391@example.com,Musa,Eze,M,Unsubscribed,Ghana,55+,Discounts,2024-08-07,Partner
392,4,daniel.mensah392@example.com,Daniel,Mensah,F,Active,Nigeria,18-24,Discounts,2024-10-22,Referral
393,4,tunde.bello393@example.com,Tunde,Bello,F,Active,Ghana,25-34,Events,2025-03-30,Website
394,2,daniel.adebayo394@example.com,Daniel,Adebayo,F,Active,Nigeria,18-24,Events,2024-01-14,Direct
395,8,musa.mensah395@example.com,Musa,Mensah,F,Active,Ghana,35-44,Product Updates,2025-08-27,Organic Search
396,8,chinedu.bello396@example.com,Chinedu,Bello,F,Active,Canada,25-34,New Releases,2024-08-26,Partner
397,6,musa.ibrahim397@example.com,Musa,Ibrahim,F,Active,France,45-54,Events,2025-02-18,Paid Social
398,8,joy.ibrahim398@example.com,Joy,Ibrahim,M,Active,France,18-24,Educational Content,2024-05-17,Referral
399,1,tunde.bello399@example.com,Tunde,Bello,F,Active,South Africa,55+,Events,2024-11-06,Website
400,5,david.bello400@example.com,David,Bello,F,Active,France,25-34,Events,2024-12-17,Referral
401,6,michael.okafor401@example.com,Michael,Okafor,M,Active,Canada,45-54,Product Updates,2025-01-20,Paid Social
402,3,tunde.adeyemi402@example.com,Tunde,Adeyemi,M,Active,Kenya,45-54,Educational Content,2025-03-17,Partner
403,1,sarah.mohamed403@example.com,Sarah,Mohamed,M,Active,Kenya,25-34,New Releases,2025-05-02,Website
404,4,chinedu.adeyemi404@example.com,Chinedu,Adeyemi,F,Active,Nigeria,35-44,Events,2024-10-18,Website
405,3,ada.adeyemi405@example.com,Ada,Adeyemi,M,Unsubscribed,United Kingdom,25-34,New Releases,2025-01-24,Organic Search
406,1,emeka.eze406@example.com,Emeka,Eze,F,Active,Nigeria,35-44,Discounts,2024-03-27,Paid Social
407,7,amara.adebayo407@example.com,Amara,Adebayo,M,Active,Nigeria,18-24,Educational Content,2025-03-08,Organic Search
408,4,daniel.ibrahim408@example.com,Daniel,Ibrahim,M,Active,South Africa,35-44,Educational Content,2025-08-09,Paid Social
409,1,musa.mensah409@example.com,Musa,Mensah,M,Active,Nigeria,25-34,Educational Content,2025-03-22,Organic Search
410,1,amara.osei410@example.com,Amara,Osei,F,Active,Nigeria,25-34,New Releases,2024-04-04,Paid Social
411,5,hauwa.mensah411@example.com,Hauwa,Mensah,F,Active,Nigeria,35-44,New Releases,2024-03-19,Referral
412,5,noah.adebayo412@example.com,Noah,Adebayo,F,Active,South Africa,25-34,Events,2025-04-09,Paid Social
413,5,michael.diallo413@example.com,Michael,Diallo,M,Active,Kenya,25-34,Discounts,2025-04-23,Website
414,2,michael.owusu414@example.com,Michael,Owusu,M,Unsubscribed,Kenya,25-34,Discounts,2025-03-21,Paid Social
415,3,amara.osei415@example.com,Amara,Osei,F,Active,Nigeria,25-34,Discounts,2025-02-19,Paid Social
416,2,amina.osei416@example.com,Amina,Osei,M,Unsubscribed,Nigeria,45-54,Events,2025-10-24,Referral
417,7,grace.diallo417@example.com,Grace,Diallo,F,Active,Nigeria,25-34,Educational Content,2024-02-13,Website
418,8,musa.okafor418@example.com,Musa,Okafor,M,Active,United Kingdom,18-24,New Releases,2025-02-20,Paid Social
419,7,amara.abubakar419@example.com,Amara,Abubakar,M,Active,Nigeria,35-44,New Releases,2025-08-17,Direct
420,7,joy.ibrahim420@example.com,Joy,Ibrahim,F,Active,United Kingdom,25-34,Product Updates,2025-08-21,Event
421,6,samuel.owusu421@example.com,Samuel,Owusu,M,Active,Nigeria,18-24,Educational Content,2025-08-26,Referral
422,1,michael.eze422@example.com,Michael,Eze,M,Inactive,Nigeria,25-34,Discounts,2025-01-06,Direct
423,4,emeka.adebayo423@example.com,Emeka,Adebayo,M,Active,South Africa,45-54,Product Updates,2024-02-25,Partner
424,5,samuel.ibrahim424@example.com,Samuel,Ibrahim,F,Active,Nigeria,55+,Educational Content,2025-07-01,Direct
425,6,ifeoma.abubakar425@example.com,Ifeoma,Abubakar,M,Inactive,United Kingdom,25-34,Educational Content,2024-10-31,Paid Social
426,1,chinedu.johnson426@example.com,Chinedu,Johnson,F,Active,United Kingdom,35-44,Events,2024-03-23,Event
427,6,musa.mohamed427@example.com,Musa,Mohamed,F,Inactive,Canada,25-34,Events,2024-09-24,Partner
428,4,emeka.owusu428@example.com,Emeka,Owusu,F,Active,Ghana,18-24,Product Updates,2025-03-30,Website
429,6,amina.okafor429@example.com,Amina,Okafor,F,Active,Nigeria,25-34,New Releases,2025-06-12,Organic Search
430,5,amina.owusu430@example.com,Amina,Owusu,F,Unsubscribed,Ghana,45-54,Discounts,2024-10-15,Paid Social
431,1,daniel.eze431@example.com,Daniel,Eze,M,Inactive,Ghana,25-34,New Releases,2024-04-01,Paid Social
432,8,grace.ibrahim432@example.com,Grace,Ibrahim,M,Active,Nigeria,35-44,New Releases,2025-01-11,Paid Social
433,1,hauwa.mensah433@example.com,Hauwa,Mensah,M,Active,South Africa,25-34,Events,2024-08-17,Partner
434,5,grace.ibrahim434@example.com,Grace,Ibrahim,F,Active,France,25-34,Events,2024-10-16,Partner
435,6,grace.owusu435@example.com,Grace,Owusu,M,Active,Ghana,18-24,Educational Content,2025-04-06,Direct
436,7,emeka.johnson436@example.com,Emeka,Johnson,M,Active,Nigeria,18-24,Educational Content,2024-08-05,Direct
437,5,daniel.ibrahim437@example.com,Daniel,Ibrahim,M,Active,Nigeria,18-24,Educational Content,2024-12-28,Direct
438,8,victor.adeyemi438@example.com,Victor,Adeyemi,M,Active,Nigeria,35-44,Educational Content,2024-05-15,Direct
439,8,michael.adeyemi439@example.com,Michael,Adeyemi,M,Active,Nigeria,25-34,Educational Content,2024-11-20,Partner
440,5,daniel.kamara440@example.com,Daniel,Kamara,F,Unsubscribed,Nigeria,18-24,Discounts,2025-01-04,Referral
441,7,noah.ibrahim441@example.com,Noah,Ibrahim,F,Inactive,Ghana,25-34,Discounts,2025-07-23,Paid Social
442,6,ifeoma.adeyemi442@example.com,Ifeoma,Adeyemi,M,Active,Nigeria,25-34,Product Updates,2025-04-23,Referral
443,3,musa.adeyemi443@example.com,Musa,Adeyemi,F,Active,Nigeria,35-44,Events,2024-05-31,Referral
444,1,amara.osei444@example.com,Amara,Osei,F,Active,Nigeria,18-24,New Releases,2025-11-10,Partner
445,5,hauwa.okafor445@example.com,Hauwa,Okafor,M,Inactive,Ghana,18-24,Events,2024-10-18,Website
446,5,david.abubakar446@example.com,David,Abubakar,F,Active,Kenya,55+,Educational Content,2025-11-06,Organic Search
447,4,fatima.okafor447@example.com,Fatima,Okafor,F,Inactive,Canada,35-44,Events,2024-08-04,Paid Social
448,6,noah.traore448@example.com,Noah,Traore,M,Active,France,35-44,New Releases,2024-07-01,Paid Social
449,2,sarah.bello449@example.com,Sarah,Bello,M,Inactive,United Kingdom,18-24,Events,2024-05-03,Paid Social
450,2,daniel.adebayo450@example.com,Daniel,Adebayo,M,Active,Nigeria,18-24,Educational Content,2025-02-01,Referral
451,4,hauwa.owusu451@example.com,Hauwa,Owusu,M,Active,France,45-54,New Releases,2024-04-05,Organic Search
452,1,zainab.johnson452@example.com,Zainab,Johnson,M,Active,South Africa,35-44,Events,2024-03-26,Referral
453,2,daniel.bello453@example.com,Daniel,Bello,F,Active,Nigeria,55+,Educational Content,2024-10-29,Partner
454,4,michael.bello454@example.com,Michael,Bello,M,Active,Ghana,25-34,Events,2025-08-05,Organic Search
455,6,emeka.ibrahim455@example.com,Emeka,Ibrahim,M,Active,France,18-24,Events,2025-02-06,Organic Search
456,1,daniel.adebayo456@example.com,Daniel,Adebayo,F,Active,Kenya,25-34,Events,2024-07-10,Website
457,1,amara.ibrahim457@example.com,Amara,Ibrahim,M,Active,Ghana,18-24,Events,2025-05-03,Organic Search
458,3,sarah.mohamed458@example.com,Sarah,Mohamed,F,Unsubscribed,Kenya,55+,Educational Content,2024-11-05,Website
459,1,amina.okafor459@example.com,Amina,Okafor,M,Active,Nigeria,18-24,Discounts,2025-10-26,Partner
460,1,samuel.owusu460@example.com,Samuel,Owusu,M,Active,Nigeria,35-44,Discounts,2024-06-19,Referral
461,7,ifeoma.mohamed461@example.com,Ifeoma,Mohamed,F,Active,Nigeria,25-34,Discounts,2025-02-05,Paid Social
462,1,ada.mensah462@example.com,Ada,Mensah,F,Active,Canada,45-54,New Releases,2024-10-24,Website
463,1,sarah.mohamed463@example.com,Sarah,Mohamed,F,Active,Nigeria,18-24,Product Updates,2024-03-06,Referral
464,2,daniel.mohamed464@example.com,Daniel,Mohamed,M,Active,Ghana,55+,Educational Content,2024-06-14,Referral
465,2,grace.mohamed465@example.com,Grace,Mohamed,F,Active,Ghana,25-34,New Releases,2025-09-08,Direct
466,6,ifeoma.kamara466@example.com,Ifeoma,Kamara,F,Active,South Africa,25-34,Events,2025-01-03,Partner
467,6,chinedu.osei467@example.com,Chinedu,Osei,F,Active,South Africa,18-24,Events,2025-09-12,Organic Search
468,4,daniel.mohamed468@example.com,Daniel,Mohamed,F,Active,Nigeria,35-44,Product Updates,2025-11-24,Paid Social
469,1,joy.adeyemi469@example.com,Joy,Adeyemi,M,Active,Nigeria,18-24,Discounts,2024-09-21,Organic Search
470,8,emeka.adeyemi470@example.com,Emeka,Adeyemi,F,Active,United Kingdom,45-54,New Releases,2024-02-21,Website
471,7,ifeoma.johnson471@example.com,Ifeoma,Johnson,M,Inactive,Canada,45-54,New Releases,2025-06-03,Event
472,1,david.osei472@example.com,David,Osei,F,Active,Nigeria,25-34,Events,2024-04-11,Event
473,1,emeka.traore473@example.com,Emeka,Traore,M,Active,Nigeria,25-34,Events,2025-04-30,Event
474,3,joy.diallo474@example.com,Joy,Diallo,M,Active,Nigeria,35-44,Events,2024-06-04,Paid Social
475,6,joy.owusu475@example.com,Joy,Owusu,M,Unsubscribed,Nigeria,25-34,Events,2024-01-31,Partner
476,3,ada.bello476@example.com,Ada,Bello,M,Active,Nigeria,25-34,Discounts,2024-02-07,Referral
477,5,amina.adeyemi477@example.com,Amina,Adeyemi,F,Active,Ghana,45-54,New Releases,2024-11-17,Partner
478,7,ada.ibrahim478@example.com,Ada,Ibrahim,M,Active,South Africa,25-34,Discounts,2025-09-25,Partner
479,5,emeka.abubakar479@example.com,Emeka,Abubakar,M,Inactive,United Kingdom,18-24,New Releases,2025-06-16,Paid Social
480,8,noah.osei480@example.com,Noah,Osei,M,Active,Ghana,25-34,Educational Content,2024-01-29,Event
481,7,michael.ibrahim481@example.com,Michael,Ibrahim,M,Active,United Kingdom,25-34,Events,2024-03-02,Direct
482,6,fatima.eze482@example.com,Fatima,Eze,M,Active,Nigeria,35-44,Product Updates,2024-01-06,Referral
483,3,samuel.nwosu483@example.com,Samuel,Nwosu,F,Active,Nigeria,35-44,New Releases,2025-06-16,Website
484,6,david.traore484@example.com,David,Traore,M,Active,France,25-34,Product Updates,2025-02-25,Organic Search
485,1,tunde.owusu485@example.com,Tunde,Owusu,M,Active,Ghana,25-34,Educational Content,2025-07-26,Website
486,4,sarah.ibrahim486@example.com,Sarah,Ibrahim,F,Active,Kenya,55+,Events,2024-06-15,Event
487,1,amina.mohamed487@example.com,Amina,Mohamed,F,Active,Nigeria,35-44,New Releases,2025-04-29,Organic Search
488,1,chinedu.eze488@example.com,Chinedu,Eze,M,Active,Kenya,25-34,Product Updates,2025-06-19,Paid Social
489,1,emeka.adebayo489@example.com,Emeka,Adebayo,F,Active,Nigeria,25-34,Discounts,2024-02-19,Organic Search
490,7,noah.adebayo490@example.com,Noah,Adebayo,M,Active,Nigeria,35-44,Product Updates,2024-02-15,Organic Search
491,3,hauwa.adebayo491@example.com,Hauwa,Adebayo,F,Inactive,United Kingdom,45-54,Events,2024-05-21,Partner
492,4,ifeoma.johnson492@example.com,Ifeoma,Johnson,F,Active,Nigeria,35-44,Product Updates,2025-02-23,Event
493,3,sarah.traore493@example.com,Sarah,Traore,M,Inactive,Canada,45-54,Educational Content,2025-08-08,Website
494,5,noah.mensah494@example.com,Noah,Mensah,M,Inactive,Nigeria,35-44,New Releases,2025-05-02,Event
495,4,ada.mensah495@example.com,Ada,Mensah,M,Unsubscribed,Canada,25-34,Discounts,2024-03-27,Paid Social
496,6,victor.traore496@example.com,Victor,Traore,F,Active,Kenya,25-34,Product Updates,2024-01-25,Paid Social
497,6,zainab.abubakar497@example.com,Zainab,Abubakar,F,Active,Nigeria,55+,New Releases,2024-09-18,Organic Search
498,6,amina.adebayo498@example.com,Amina,Adebayo,F,Active,South Africa,18-24,Educational Content,2024-11-01,Organic Search
499,3,zainab.kamara499@example.com,Zainab,Kamara,F,Active,United Kingdom,25-34,Product Updates,2025-09-03,Organic Search
500,5,musa.abubakar500@example.com,Musa,Abubakar,M,Active,Nigeria,25-34,New Releases,2025-02-21,Paid Social
501,5,ada.ibrahim501@example.com,Ada,Ibrahim,M,Active,Nigeria,35-44,Discounts,2024-03-26,Paid Social
502,6,joy.osei502@example.com,Joy,Osei,M,Active,Nigeria,55+,Discounts,2025-07-22,Referral
503,3,ada.johnson503@example.com,Ada,Johnson,F,Active,South Africa,18-24,Product Updates,2025-09-04,Direct
504,2,sarah.eze504@example.com,Sarah,Eze,M,Active,Kenya,25-34,Product Updates,2024-03-12,Organic Search
505,3,sarah.mensah505@example.com,Sarah,Mensah,M,Active,South Africa,55+,Events,2024-11-21,Paid Social
506,7,zainab.ibrahim506@example.com,Zainab,Ibrahim,F,Active,Nigeria,35-44,Educational Content,2025-09-05,Paid Social
507,3,amina.okafor507@example.com,Amina,Okafor,F,Active,Nigeria,18-24,Discounts,2025-05-15,Referral
508,6,michael.bello508@example.com,Michael,Bello,M,Active,Kenya,45-54,Events,2025-01-20,Website
509,6,emeka.abubakar509@example.com,Emeka,Abubakar,M,Active,United Kingdom,45-54,Product Updates,2024-07-16,Organic Search
510,3,samuel.okafor510@example.com,Samuel,Okafor,F,Active,South Africa,35-44,Discounts,2024-11-06,Organic Search
511,6,samuel.nwosu511@example.com,Samuel,Nwosu,F,Active,Canada,18-24,Events,2024-08-02,Direct
512,1,sarah.mensah512@example.com,Sarah,Mensah,F,Inactive,Kenya,25-34,New Releases,2024-03-07,Paid Social
513,5,amara.kamara513@example.com,Amara,Kamara,F,Active,Canada,45-54,New Releases,2025-11-25,Website
514,1,michael.ibrahim514@example.com,Michael,Ibrahim,F,Active,Nigeria,25-34,Product Updates,2025-02-20,Partner
515,2,joy.johnson515@example.com,Joy,Johnson,F,Unsubscribed,Nigeria,35-44,Discounts,2024-11-19,Organic Search
516,1,grace.traore516@example.com,Grace,Traore,M,Active,United Kingdom,45-54,Discounts,2024-03-17,Direct
517,7,grace.diallo517@example.com,Grace,Diallo,F,Active,Nigeria,35-44,Product Updates,2024-01-25,Organic Search
518,5,zainab.ibrahim518@example.com,Zainab,Ibrahim,M,Inactive,Nigeria,25-34,Educational Content,2024-03-15,Partner
519,6,victor.johnson519@example.com,Victor,Johnson,M,Unsubscribed,Kenya,35-44,Product Updates,2024-11-16,Direct
520,7,amara.kamara520@example.com,Amara,Kamara,M,Active,United Kingdom,25-34,Educational Content,2024-04-14,Website
521,5,michael.adeyemi521@example.com,Michael,Adeyemi,F,Active,United Kingdom,25-34,New Releases,2025-09-05,Event
522,6,victor.okafor522@example.com,Victor,Okafor,F,Active,Ghana,45-54,New Releases,2025-11-22,Website
523,6,ifeoma.traore523@example.com,Ifeoma,Traore,M,Inactive,Nigeria,18-24,Product Updates,2025-10-14,Website
524,4,emeka.owusu524@example.com,Emeka,Owusu,F,Active,South Africa,25-34,Discounts,2024-05-10,Organic Search
525,3,daniel.eze525@example.com,Daniel,Eze,F,Active,Kenya,35-44,Discounts,2024-12-17,Organic Search
526,2,ada.kamara526@example.com,Ada,Kamara,M,Active,Nigeria,45-54,New Releases,2024-07-19,Partner
527,8,grace.bello527@example.com,Grace,Bello,F,Active,Nigeria,25-34,Events,2025-08-15,Website
528,4,zainab.adebayo528@example.com,Zainab,Adebayo,F,Inactive,Nigeria,18-24,Product Updates,2025-12-10,Referral
529,2,victor.osei529@example.com,Victor,Osei,M,Active,Ghana,35-44,Educational Content,2025-02-13,Event
530,1,ada.eze530@example.com,Ada,Eze,M,Active,Nigeria,18-24,Product Updates,2025-10-08,Organic Search
531,5,emeka.adeyemi531@example.com,Emeka,Adeyemi,M,Active,Nigeria,25-34,Discounts,2024-12-13,Partner
532,6,samuel.diallo532@example.com,Samuel,Diallo,M,Active,Nigeria,45-54,Product Updates,2025-01-23,Organic Search
533,5,david.traore533@example.com,David,Traore,M,Unsubscribed,Nigeria,25-34,Educational Content,2024-03-07,Website
534,1,amina.osei534@example.com,Amina,Osei,M,Inactive,Kenya,35-44,Educational Content,2024-02-17,Website
535,6,hauwa.osei535@example.com,Hauwa,Osei,F,Active,France,25-34,Product Updates,2024-05-09,Website
536,6,hauwa.mohamed536@example.com,Hauwa,Mohamed,M,Active,South Africa,45-54,New Releases,2025-10-22,Organic Search
537,6,emeka.mohamed537@example.com,Emeka,Mohamed,F,Active,Nigeria,35-44,New Releases,2025-05-21,Website
538,4,hauwa.abubakar538@example.com,Hauwa,Abubakar,M,Active,Nigeria,45-54,Events,2024-11-09,Partner
539,3,sarah.diallo539@example.com,Sarah,Diallo,F,Active,Nigeria,18-24,Product Updates,2024-08-23,Paid Social
540,5,ifeoma.traore540@example.com,Ifeoma,Traore,F,Active,Ghana,25-34,Educational Content,2025-01-26,Event
541,1,ifeoma.nwosu541@example.com,Ifeoma,Nwosu,F,Active,South Africa,25-34,Product Updates,2025-07-13,Paid Social
542,5,fatima.nwosu542@example.com,Fatima,Nwosu,M,Active,Nigeria,25-34,New Releases,2024-12-03,Paid Social
543,2,fatima.osei543@example.com,Fatima,Osei,M,Active,Canada,35-44,New Releases,2024-11-02,Direct
544,2,emeka.abubakar544@example.com,Emeka,Abubakar,F,Active,France,35-44,Product Updates,2024-06-01,Referral
545,6,samuel.nwosu545@example.com,Samuel,Nwosu,M,Active,Ghana,25-34,New Releases,2025-04-17,Event
546,3,amara.traore546@example.com,Amara,Traore,M,Active,Ghana,55+,Events,2025-07-25,Paid Social
547,1,amina.kamara547@example.com,Amina,Kamara,F,Active,Canada,18-24,Educational Content,2025-12-03,Paid Social
548,6,michael.adebayo548@example.com,Michael,Adebayo,F,Active,Kenya,35-44,Product Updates,2024-12-04,Direct
549,4,victor.abubakar549@example.com,Victor,Abubakar,F,Active,Nigeria,25-34,New Releases,2024-12-02,Paid Social
550,4,ifeoma.adebayo550@example.com,Ifeoma,Adebayo,M,Active,Nigeria,35-44,Discounts,2025-05-15,Organic Search
551,1,grace.bello551@example.com,Grace,Bello,F,Active,Nigeria,25-34,New Releases,2025-06-14,Organic Search
552,1,zainab.owusu552@example.com,Zainab,Owusu,F,Active,Nigeria,18-24,New Releases,2025-02-02,Referral
553,8,grace.kamara553@example.com,Grace,Kamara,M,Active,Nigeria,45-54,Events,2024-11-13,Organic Search
554,5,joy.johnson554@example.com,Joy,Johnson,F,Active,Nigeria,55+,Events,2024-09-09,Organic Search
555,4,hauwa.mohamed555@example.com,Hauwa,Mohamed,F,Unsubscribed,Ghana,18-24,Product Updates,2024-12-21,Paid Social
556,5,noah.abubakar556@example.com,Noah,Abubakar,M,Active,Ghana,18-24,New Releases,2025-11-05,Event
557,1,hauwa.mensah557@example.com,Hauwa,Mensah,F,Active,South Africa,18-24,Discounts,2024-10-25,Paid Social
558,5,amara.osei558@example.com,Amara,Osei,F,Active,Ghana,35-44,Product Updates,2024-04-17,Direct
559,4,zainab.owusu559@example.com,Zainab,Owusu,F,Active,Nigeria,25-34,Product Updates,2025-11-22,Referral
560,6,sarah.traore560@example.com,Sarah,Traore,F,Inactive,United Kingdom,25-34,Product Updates,2024-11-30,Paid Social
561,5,ifeoma.mohamed561@example.com,Ifeoma,Mohamed,F,Active,Nigeria,35-44,Discounts,2025-04-27,Website
562,6,chinedu.diallo562@example.com,Chinedu,Diallo,M,Active,Kenya,18-24,Product Updates,2024-03-20,Referral
563,5,ada.ibrahim563@example.com,Ada,Ibrahim,M,Active,Ghana,18-24,Product Updates,2025-03-28,Partner
564,5,joy.mensah564@example.com,Joy,Mensah,F,Active,South Africa,25-34,New Releases,2024-07-25,Organic Search
565,7,emeka.nwosu565@example.com,Emeka,Nwosu,M,Active,Nigeria,25-34,Product Updates,2025-11-16,Paid Social
566,1,david.diallo566@example.com,David,Diallo,M,Active,Nigeria,25-34,Educational Content,2025-10-01,Paid Social
567,1,michael.abubakar567@example.com,Michael,Abubakar,F,Active,Nigeria,25-34,Educational Content,2025-10-31,Paid Social
568,3,sarah.osei568@example.com,Sarah,Osei,F,Active,Nigeria,35-44,Educational Content,2024-03-09,Website
569,7,daniel.adebayo569@example.com,Daniel,Adebayo,F,Inactive,Canada,18-24,New Releases,2024-09-14,Event
570,8,victor.traore570@example.com,Victor,Traore,F,Active,South Africa,55+,Discounts,2025-12-05,Paid Social
571,3,musa.bello571@example.com,Musa,Bello,F,Active,Nigeria,45-54,Events,2024-08-26,Paid Social
572,4,ada.nwosu572@example.com,Ada,Nwosu,M,Active,Kenya,45-54,Educational Content,2024-09-06,Paid Social
573,5,tunde.kamara573@example.com,Tunde,Kamara,F,Active,Ghana,25-34,Events,2025-09-04,Paid Social
574,8,ifeoma.traore574@example.com,Ifeoma,Traore,M,Unsubscribed,Nigeria,35-44,Product Updates,2024-01-25,Referral
575,2,zainab.traore575@example.com,Zainab,Traore,M,Active,Nigeria,18-24,Discounts,2024-08-15,Event
576,5,sarah.traore576@example.com,Sarah,Traore,M,Active,Ghana,18-24,Events,2025-10-11,Organic Search
577,8,grace.kamara577@example.com,Grace,Kamara,M,Active,Nigeria,35-44,Discounts,2025-04-23,Paid Social
578,3,grace.nwosu578@example.com,Grace,Nwosu,F,Inactive,Nigeria,25-34,Educational Content,2024-10-05,Website
579,6,musa.bello579@example.com,Musa,Bello,F,Active,Ghana,18-24,Events,2025-03-19,Referral
580,6,musa.okafor580@example.com,Musa,Okafor,F,Active,Ghana,18-24,Educational Content,2024-06-28,Website
581,2,ifeoma.adebayo581@example.com,Ifeoma,Adebayo,F,Active,Nigeria,35-44,Events,2025-04-25,Organic Search
582,1,grace.okafor582@example.com,Grace,Okafor,M,Unsubscribed,United Kingdom,35-44,Educational Content,2025-01-17,Referral
583,3,noah.bello583@example.com,Noah,Bello,F,Active,United Kingdom,55+,Product Updates,2024-07-17,Paid Social
584,6,fatima.eze584@example.com,Fatima,Eze,F,Inactive,Kenya,25-34,Product Updates,2024-09-05,Website
585,4,emeka.okafor585@example.com,Emeka,Okafor,M,Active,Nigeria,25-34,Discounts,2025-11-09,Paid Social
586,6,ada.mensah586@example.com,Ada,Mensah,M,Inactive,South Africa,45-54,Events,2025-06-14,Website
587,7,daniel.diallo587@example.com,Daniel,Diallo,F,Active,Nigeria,25-34,New Releases,2024-11-11,Website
588,6,amara.mensah588@example.com,Amara,Mensah,F,Active,France,25-34,Discounts,2024-11-11,Direct
589,1,chinedu.mohamed589@example.com,Chinedu,Mohamed,M,Active,Nigeria,45-54,Events,2025-03-17,Referral
590,1,emeka.diallo590@example.com,Emeka,Diallo,M,Active,Nigeria,25-34,Product Updates,2024-07-09,Referral
591,1,chinedu.osei591@example.com,Chinedu,Osei,F,Active,Canada,45-54,Events,2025-10-13,Website
592,1,noah.bello592@example.com,Noah,Bello,F,Active,Nigeria,18-24,Product Updates,2025-11-19,Website
593,6,ada.adeyemi593@example.com,Ada,Adeyemi,F,Active,France,18-24,New Releases,2024-08-04,Event
594,4,ada.abubakar594@example.com,Ada,Abubakar,F,Active,Canada,25-34,Educational Content,2025-11-29,Website
595,7,zainab.nwosu595@example.com,Zainab,Nwosu,F,Inactive,South Africa,25-34,Product Updates,2024-01-04,Direct
596,3,sarah.kamara596@example.com,Sarah,Kamara,M,Active,Kenya,45-54,Educational Content,2024-09-11,Direct
597,3,victor.mohamed597@example.com,Victor,Mohamed,F,Active,South Africa,18-24,Educational Content,2024-02-16,Organic Search
598,8,zainab.johnson598@example.com,Zainab,Johnson,M,Active,Kenya,25-34,New Releases,2025-05-02,Event
599,8,david.abubakar599@example.com,David,Abubakar,F,Inactive,Kenya,35-44,New Releases,2024-05-10,Partner
600,4,amara.adebayo600@example.com,Amara,Adebayo,F,Active,Nigeria,25-34,Product Updates,2024-09-06,Referral
601,1,amara.mensah601@example.com,Amara,Mensah,F,Active,Canada,18-24,Educational Content,2024-08-13,Direct
602,5,musa.mensah602@example.com,Musa,Mensah,M,Active,Canada,35-44,Events,2024-08-17,Organic Search
603,7,victor.bello603@example.com,Victor,Bello,F,Active,Nigeria,35-44,Events,2025-03-23,Website
604,6,samuel.ibrahim604@example.com,Samuel,Ibrahim,M,Inactive,Nigeria,18-24,Educational Content,2025-08-09,Event
605,3,zainab.abubakar605@example.com,Zainab,Abubakar,M,Unsubscribed,Nigeria,35-44,Discounts,2025-01-08,Partner
606,6,amina.nwosu606@example.com,Amina,Nwosu,M,Unsubscribed,Ghana,35-44,Events,2024-08-12,Paid Social
607,4,ifeoma.kamara607@example.com,Ifeoma,Kamara,F,Active,Nigeria,35-44,Product Updates,2025-12-06,Website
608,1,hauwa.mohamed608@example.com,Hauwa,Mohamed,M,Active,Ghana,35-44,Events,2024-06-05,Organic Search
609,6,grace.nwosu609@example.com,Grace,Nwosu,M,Active,Canada,45-54,Events,2025-11-06,Website
610,7,chinedu.okafor610@example.com,Chinedu,Okafor,F,Active,Nigeria,35-44,Educational Content,2025-06-24,Event
611,6,noah.osei611@example.com,Noah,Osei,F,Active,Nigeria,25-34,New Releases,2024-11-07,Partner
612,3,chinedu.kamara612@example.com,Chinedu,Kamara,F,Inactive,South Africa,25-34,Discounts,2025-10-28,Paid Social
613,1,hauwa.mensah613@example.com,Hauwa,Mensah,M,Active,Nigeria,55+,Discounts,2025-04-30,Direct
614,1,tunde.mensah614@example.com,Tunde,Mensah,F,Active,Kenya,55+,Events,2025-02-10,Paid Social
615,4,victor.diallo615@example.com,Victor,Diallo,F,Unsubscribed,France,55+,Product Updates,2024-10-08,Event
616,5,ifeoma.eze616@example.com,Ifeoma,Eze,M,Inactive,Nigeria,18-24,Events,2024-01-24,Website
617,5,hauwa.mohamed617@example.com,Hauwa,Mohamed,F,Active,South Africa,18-24,New Releases,2025-10-22,Organic Search
618,5,noah.kamara618@example.com,Noah,Kamara,M,Active,Nigeria,35-44,New Releases,2024-01-21,Organic Search
619,3,michael.mohamed619@example.com,Michael,Mohamed,M,Active,Ghana,35-44,Product Updates,2025-11-05,Event
620,7,chinedu.diallo620@example.com,Chinedu,Diallo,M,Active,Kenya,45-54,Product Updates,2025-10-30,Organic Search
621,1,michael.ibrahim621@example.com,Michael,Ibrahim,M,Active,Nigeria,18-24,Educational Content,2025-03-09,Paid Social
622,8,ada.nwosu622@example.com,Ada,Nwosu,F,Active,Nigeria,55+,Educational Content,2025-08-13,Website
623,4,zainab.eze623@example.com,Zainab,Eze,M,Active,South Africa,35-44,Product Updates,2024-11-02,Paid Social
624,6,grace.kamara624@example.com,Grace,Kamara,M,Active,Kenya,25-34,New Releases,2024-09-23,Referral
625,3,chinedu.abubakar625@example.com,Chinedu,Abubakar,F,Active,Nigeria,25-34,Events,2024-07-27,Direct
626,1,fatima.osei626@example.com,Fatima,Osei,F,Active,Kenya,35-44,New Releases,2024-06-06,Website
627,3,daniel.abubakar627@example.com,Daniel,Abubakar,M,Active,Canada,25-34,Educational Content,2025-07-15,Organic Search
628,3,zainab.bello628@example.com,Zainab,Bello,F,Active,United Kingdom,45-54,Discounts,2024-01-11,Partner
629,1,samuel.abubakar629@example.com,Samuel,Abubakar,M,Active,France,18-24,New Releases,2025-05-16,Website
630,1,emeka.adebayo630@example.com,Emeka,Adebayo,F,Inactive,Kenya,45-54,Discounts,2024-12-19,Paid Social
631,6,michael.abubakar631@example.com,Michael,Abubakar,F,Active,Kenya,25-34,New Releases,2024-05-26,Website
632,3,fatima.adeyemi632@example.com,Fatima,Adeyemi,F,Active,South Africa,25-34,New Releases,2025-03-25,Referral
633,8,ifeoma.adebayo633@example.com,Ifeoma,Adebayo,F,Unsubscribed,Canada,35-44,Discounts,2025-02-20,Paid Social
634,6,amara.bello634@example.com,Amara,Bello,M,Active,South Africa,55+,Discounts,2024-10-19,Website
635,4,musa.okafor635@example.com,Musa,Okafor,F,Active,South Africa,55+,Discounts,2025-11-24,Referral
636,7,david.abubakar636@example.com,David,Abubakar,M,Active,Kenya,45-54,Product Updates,2024-12-19,Website
637,2,joy.adeyemi637@example.com,Joy,Adeyemi,F,Active,Canada,35-44,New Releases,2025-01-10,Direct
638,6,joy.eze638@example.com,Joy,Eze,M,Active,Ghana,25-34,Educational Content,2025-11-26,Direct
639,2,michael.mensah639@example.com,Michael,Mensah,F,Active,Nigeria,25-34,Discounts,2025-02-07,Organic Search
640,1,noah.adeyemi640@example.com,Noah,Adeyemi,F,Active,United Kingdom,45-54,Product Updates,2024-12-02,Paid Social
641,2,david.okafor641@example.com,David,Okafor,F,Active,United Kingdom,25-34,Educational Content,2024-07-21,Organic Search
642,1,joy.kamara642@example.com,Joy,Kamara,F,Active,Nigeria,25-34,Discounts,2025-04-26,Event
643,3,noah.eze643@example.com,Noah,Eze,F,Active,United Kingdom,35-44,Educational Content,2025-03-25,Organic Search
644,1,emeka.owusu644@example.com,Emeka,Owusu,M,Active,Nigeria,45-54,Discounts,2024-05-16,Organic Search
645,3,zainab.adeyemi645@example.com,Zainab,Adeyemi,M,Active,South Africa,55+,Educational Content,2025-05-22,Organic Search
646,6,amina.traore646@example.com,Amina,Traore,F,Inactive,Ghana,55+,Events,2024-05-09,Organic Search
647,1,joy.okafor647@example.com,Joy,Okafor,M,Active,Nigeria,45-54,Events,2025-03-20,Direct
648,4,noah.mohamed648@example.com,Noah,Mohamed,M,Active,France,25-34,Discounts,2024-10-14,Website
649,6,fatima.nwosu649@example.com,Fatima,Nwosu,F,Active,Nigeria,35-44,Product Updates,2024-07-04,Website
650,1,hauwa.kamara650@example.com,Hauwa,Kamara,M,Unsubscribed,Nigeria,25-34,Educational Content,2024-01-19,Direct
651,5,amara.adeyemi651@example.com,Amara,Adeyemi,F,Active,Ghana,25-34,Discounts,2024-03-03,Paid Social
652,4,tunde.adebayo652@example.com,Tunde,Adebayo,M,Active,Nigeria,25-34,Educational Content,2024-02-18,Website
653,1,ada.adeyemi653@example.com,Ada,Adeyemi,F,Active,Nigeria,25-34,New Releases,2025-05-18,Organic Search
654,3,noah.mensah654@example.com,Noah,Mensah,M,Unsubscribed,South Africa,35-44,Discounts,2025-08-26,Paid Social
655,4,emeka.nwosu655@example.com,Emeka,Nwosu,F,Active,Nigeria,25-34,Product Updates,2024-05-03,Organic Search
656,1,grace.osei656@example.com,Grace,Osei,F,Active,Canada,18-24,New Releases,2025-04-30,Website
657,8,grace.kamara657@example.com,Grace,Kamara,M,Unsubscribed,Nigeria,25-34,Educational Content,2025-01-09,Partner
658,3,david.owusu658@example.com,David,Owusu,M,Active,Ghana,35-44,New Releases,2024-10-07,Event
659,5,amina.adebayo659@example.com,Amina,Adebayo,M,Active,Canada,18-24,Discounts,2025-12-02,Event
660,4,joy.bello660@example.com,Joy,Bello,M,Active,Ghana,25-34,New Releases,2024-10-05,Event
661,1,ada.diallo661@example.com,Ada,Diallo,M,Active,Kenya,18-24,New Releases,2025-06-21,Referral
662,2,samuel.adebayo662@example.com,Samuel,Adebayo,F,Active,Kenya,18-24,Product Updates,2025-10-16,Referral
663,1,fatima.kamara663@example.com,Fatima,Kamara,F,Active,United Kingdom,18-24,Discounts,2024-04-28,Direct
664,1,emeka.eze664@example.com,Emeka,Eze,F,Active,Nigeria,35-44,New Releases,2025-09-18,Paid Social
665,2,tunde.okafor665@example.com,Tunde,Okafor,F,Active,Nigeria,55+,Discounts,2025-11-04,Paid Social
666,8,hauwa.mensah666@example.com,Hauwa,Mensah,F,Active,Canada,25-34,New Releases,2024-08-13,Website
667,3,grace.abubakar667@example.com,Grace,Abubakar,M,Inactive,Ghana,35-44,Events,2025-05-22,Paid Social
668,1,chinedu.diallo668@example.com,Chinedu,Diallo,M,Active,Kenya,55+,Discounts,2024-06-15,Website
669,7,sarah.osei669@example.com,Sarah,Osei,M,Inactive,Nigeria,25-34,Events,2025-06-23,Direct
670,1,ada.mensah670@example.com,Ada,Mensah,F,Active,Ghana,18-24,Product Updates,2024-02-14,Event
671,1,amara.ibrahim671@example.com,Amara,Ibrahim,M,Active,Canada,35-44,Product Updates,2024-12-12,Direct
672,6,amara.osei672@example.com,Amara,Osei,M,Active,Ghana,35-44,Events,2025-05-05,Partner
673,1,tunde.ibrahim673@example.com,Tunde,Ibrahim,M,Active,Nigeria,18-24,New Releases,2025-03-01,Paid Social
674,1,samuel.okafor674@example.com,Samuel,Okafor,M,Unsubscribed,Ghana,18-24,Educational Content,2025-12-04,Paid Social
675,7,david.mohamed675@example.com,David,Mohamed,M,Active,Canada,25-34,Educational Content,2024-05-01,Paid Social
676,3,amara.adeyemi676@example.com,Amara,Adeyemi,M,Active,Nigeria,35-44,New Releases,2025-11-14,Organic Search
677,5,victor.adebayo677@example.com,Victor,Adebayo,F,Inactive,United Kingdom,25-34,Events,2024-01-03,Website
678,6,amina.kamara678@example.com,Amina,Kamara,F,Active,Nigeria,25-34,Events,2025-03-13,Partner
679,8,fatima.kamara679@example.com,Fatima,Kamara,M,Active,Nigeria,18-24,Events,2025-05-07,Paid Social
680,5,daniel.traore680@example.com,Daniel,Traore,M,Active,France,35-44,Discounts,2025-07-05,Paid Social
681,4,michael.nwosu681@example.com,Michael,Nwosu,F,Active,Nigeria,35-44,New Releases,2024-08-12,Website
682,5,samuel.eze682@example.com,Samuel,Eze,M,Inactive,Nigeria,45-54,Educational Content,2024-03-02,Website
683,7,emeka.kamara683@example.com,Emeka,Kamara,F,Inactive,Ghana,45-54,New Releases,2024-08-03,Direct
684,6,tunde.kamara684@example.com,Tunde,Kamara,M,Active,Canada,35-44,Events,2025-03-10,Event
685,3,david.bello685@example.com,David,Bello,F,Active,United Kingdom,45-54,Product Updates,2024-09-07,Organic Search
686,1,hauwa.owusu686@example.com,Hauwa,Owusu,M,Active,France,25-34,Discounts,2024-11-02,Event
687,4,zainab.johnson687@example.com,Zainab,Johnson,M,Active,Nigeria,18-24,Product Updates,2024-06-13,Website
688,1,daniel.johnson688@example.com,Daniel,Johnson,F,Active,United Kingdom,25-34,Discounts,2024-04-04,Referral
689,4,amina.osei689@example.com,Amina,Osei,F,Inactive,Kenya,25-34,Discounts,2025-12-10,Partner
690,3,zainab.abubakar690@example.com,Zainab,Abubakar,F,Active,Nigeria,45-54,Events,2024-03-20,Paid Social
691,3,zainab.okafor691@example.com,Zainab,Okafor,M,Active,Nigeria,35-44,Product Updates,2024-11-12,Paid Social
692,1,grace.adeyemi692@example.com,Grace,Adeyemi,M,Unsubscribed,Nigeria,55+,New Releases,2024-02-16,Organic Search
693,1,amara.adebayo693@example.com,Amara,Adebayo,M,Active,Canada,35-44,Events,2025-02-04,Referral
694,6,amina.mensah694@example.com,Amina,Mensah,F,Active,Ghana,35-44,Product Updates,2024-01-25,Referral
695,5,sarah.mohamed695@example.com,Sarah,Mohamed,M,Active,Nigeria,18-24,Events,2024-08-25,Organic Search
696,7,amina.diallo696@example.com,Amina,Diallo,F,Unsubscribed,Ghana,18-24,Educational Content,2024-02-10,Paid Social
697,7,sarah.nwosu697@example.com,Sarah,Nwosu,M,Inactive,Canada,35-44,Discounts,2024-01-16,Website
698,1,noah.bello698@example.com,Noah,Bello,F,Active,Nigeria,25-34,Educational Content,2025-01-07,Organic Search
699,3,amara.diallo699@example.com,Amara,Diallo,F,Active,Nigeria,25-34,Educational Content,2024-05-23,Event
700,7,hauwa.mohamed700@example.com,Hauwa,Mohamed,M,Inactive,Nigeria,25-34,Events,2025-03-27,Partner
701,3,victor.traore701@example.com,Victor,Traore,F,Inactive,Nigeria,25-34,Events,2025-09-27,Paid Social
702,8,tunde.nwosu702@example.com,Tunde,Nwosu,M,Active,Nigeria,18-24,Events,2024-03-15,Organic Search
703,2,ifeoma.bello703@example.com,Ifeoma,Bello,F,Active,Ghana,35-44,Events,2024-04-20,Organic Search
704,7,sarah.owusu704@example.com,Sarah,Owusu,M,Active,Ghana,18-24,Educational Content,2025-05-02,Direct
705,1,ifeoma.adeyemi705@example.com,Ifeoma,Adeyemi,M,Active,Canada,18-24,Discounts,2025-09-07,Paid Social
706,6,tunde.eze706@example.com,Tunde,Eze,F,Unsubscribed,Canada,25-34,Discounts,2024-10-03,Partner
707,2,chinedu.bello707@example.com,Chinedu,Bello,M,Active,Nigeria,25-34,Educational Content,2025-03-05,Partner
708,4,fatima.diallo708@example.com,Fatima,Diallo,M,Active,Nigeria,45-54,Educational Content,2024-07-22,Direct
709,3,daniel.mohamed709@example.com,Daniel,Mohamed,F,Unsubscribed,Kenya,45-54,Events,2024-01-11,Paid Social
710,4,victor.osei710@example.com,Victor,Osei,M,Unsubscribed,South Africa,35-44,Discounts,2024-01-15,Paid Social
711,1,ifeoma.kamara711@example.com,Ifeoma,Kamara,F,Unsubscribed,United Kingdom,18-24,Events,2024-05-08,Paid Social
712,5,hauwa.mensah712@example.com,Hauwa,Mensah,M,Active,Nigeria,55+,Events,2025-09-07,Website
713,3,emeka.osei713@example.com,Emeka,Osei,M,Active,Canada,35-44,Product Updates,2024-11-05,Paid Social
714,7,joy.mensah714@example.com,Joy,Mensah,F,Unsubscribed,South Africa,25-34,Events,2025-06-19,Paid Social
715,8,zainab.mensah715@example.com,Zainab,Mensah,M,Active,Ghana,25-34,New Releases,2025-01-25,Website
716,2,daniel.adebayo716@example.com,Daniel,Adebayo,M,Active,Canada,45-54,Product Updates,2025-02-25,Organic Search
717,1,victor.mensah717@example.com,Victor,Mensah,F,Active,Ghana,45-54,Educational Content,2025-04-10,Partner
718,4,david.osei718@example.com,David,Osei,F,Active,Canada,25-34,Events,2025-02-09,Referral
719,1,emeka.nwosu719@example.com,Emeka,Nwosu,F,Unsubscribed,Nigeria,35-44,Educational Content,2025-11-20,Partner
720,2,daniel.adeyemi720@example.com,Daniel,Adeyemi,M,Active,Nigeria,45-54,New Releases,2024-12-09,Partner
721,1,hauwa.owusu721@example.com,Hauwa,Owusu,M,Unsubscribed,Kenya,25-34,New Releases,2024-05-11,Website
722,7,sarah.diallo722@example.com,Sarah,Diallo,F,Inactive,United Kingdom,25-34,Events,2025-05-31,Paid Social
723,1,hauwa.abubakar723@example.com,Hauwa,Abubakar,F,Active,United Kingdom,18-24,Educational Content,2025-03-23,Paid Social
724,1,hauwa.kamara724@example.com,Hauwa,Kamara,M,Active,Kenya,35-44,Product Updates,2024-05-13,Website
725,8,emeka.diallo725@example.com,Emeka,Diallo,M,Active,South Africa,25-34,Discounts,2025-01-22,Referral
726,6,tunde.ibrahim726@example.com,Tunde,Ibrahim,M,Active,Canada,35-44,New Releases,2025-09-02,Partner
727,1,amina.adebayo727@example.com,Amina,Adebayo,F,Inactive,United Kingdom,18-24,Events,2025-02-04,Partner
728,1,ada.owusu728@example.com,Ada,Owusu,M,Active,Ghana,35-44,Discounts,2024-11-17,Website
729,5,ifeoma.diallo729@example.com,Ifeoma,Diallo,M,Inactive,Nigeria,45-54,New Releases,2024-12-17,Website
730,8,musa.okafor730@example.com,Musa,Okafor,M,Active,Kenya,25-34,Product Updates,2024-01-24,Paid Social
731,4,amina.osei731@example.com,Amina,Osei,F,Active,Nigeria,25-34,Educational Content,2025-12-09,Organic Search
732,7,fatima.ibrahim732@example.com,Fatima,Ibrahim,F,Active,Nigeria,18-24,New Releases,2025-05-22,Website
733,3,sarah.osei733@example.com,Sarah,Osei,F,Active,Nigeria,35-44,Educational Content,2025-08-24,Direct
734,3,grace.mohamed734@example.com,Grace,Mohamed,F,Active,United Kingdom,25-34,Educational Content,2025-09-13,Partner
735,3,grace.eze735@example.com,Grace,Eze,F,Active,United Kingdom,45-54,Events,2025-06-07,Organic Search
736,2,daniel.adebayo736@example.com,Daniel,Adebayo,F,Active,Ghana,18-24,Educational Content,2024-09-08,Referral
737,1,emeka.eze737@example.com,Emeka,Eze,M,Active,France,18-24,Educational Content,2024-08-06,Website
738,3,zainab.nwosu738@example.com,Zainab,Nwosu,M,Active,Ghana,35-44,New Releases,2025-09-14,Paid Social
739,7,amara.owusu739@example.com,Amara,Owusu,F,Active,Nigeria,25-34,Discounts,2024-02-17,Organic Search
740,8,daniel.mensah740@example.com,Daniel,Mensah,M,Active,Ghana,35-44,New Releases,2024-10-18,Paid Social
741,1,hauwa.okafor741@example.com,Hauwa,Okafor,F,Active,Nigeria,45-54,Events,2025-06-24,Organic Search
742,1,ada.bello742@example.com,Ada,Bello,F,Unsubscribed,Nigeria,45-54,Educational Content,2024-03-22,Paid Social
743,4,zainab.mohamed743@example.com,Zainab,Mohamed,M,Active,Ghana,35-44,Events,2024-05-04,Referral
744,6,victor.mensah744@example.com,Victor,Mensah,M,Active,Nigeria,45-54,Discounts,2025-12-05,Organic Search
745,6,samuel.diallo745@example.com,Samuel,Diallo,M,Active,Nigeria,45-54,Educational Content,2024-01-06,Partner
746,7,tunde.ibrahim746@example.com,Tunde,Ibrahim,M,Unsubscribed,Nigeria,55+,Product Updates,2024-10-03,Paid Social
747,5,amina.johnson747@example.com,Amina,Johnson,M,Unsubscribed,Nigeria,45-54,New Releases,2025-10-14,Partner
748,3,david.nwosu748@example.com,David,Nwosu,F,Active,South Africa,55+,Educational Content,2024-04-04,Event
749,2,noah.bello749@example.com,Noah,Bello,F,Active,Kenya,45-54,Discounts,2025-05-21,Website
750,1,ada.osei750@example.com,Ada,Osei,F,Unsubscribed,France,25-34,Product Updates,2024-11-15,Paid Social
751,5,amina.mensah751@example.com,Amina,Mensah,M,Active,Nigeria,25-34,Events,2025-02-13,Partner
752,1,fatima.owusu752@example.com,Fatima,Owusu,M,Active,South Africa,55+,New Releases,2024-04-19,Website
753,6,samuel.okafor753@example.com,Samuel,Okafor,F,Active,Nigeria,18-24,New Releases,2025-07-17,Referral
754,1,daniel.osei754@example.com,Daniel,Osei,M,Active,Ghana,25-34,Educational Content,2024-04-10,Organic Search
755,1,sarah.owusu755@example.com,Sarah,Owusu,M,Active,Nigeria,25-34,New Releases,2025-06-15,Paid Social
756,3,tunde.nwosu756@example.com,Tunde,Nwosu,M,Active,Nigeria,18-24,Product Updates,2025-06-28,Website
757,1,samuel.abubakar757@example.com,Samuel,Abubakar,F,Active,Ghana,25-34,Educational Content,2024-07-27,Referral
758,3,noah.adebayo758@example.com,Noah,Adebayo,M,Active,Nigeria,25-34,New Releases,2025-12-05,Referral
759,2,zainab.bello759@example.com,Zainab,Bello,M,Active,Nigeria,45-54,Discounts,2025-03-14,Direct
760,3,chinedu.ibrahim760@example.com,Chinedu,Ibrahim,M,Inactive,Nigeria,35-44,Product Updates,2025-05-15,Website
761,6,musa.mensah761@example.com,Musa,Mensah,M,Active,France,35-44,Educational Content,2024-06-20,Partner
762,6,david.mensah762@example.com,David,Mensah,F,Unsubscribed,France,25-34,Events,2025-11-10,Event
763,4,emeka.johnson763@example.com,Emeka,Johnson,M,Unsubscribed,France,25-34,Educational Content,2024-04-25,Partner
764,2,joy.okafor764@example.com,Joy,Okafor,M,Active,Canada,45-54,Discounts,2025-08-14,Paid Social
765,6,daniel.eze765@example.com,Daniel,Eze,M,Unsubscribed,France,25-34,Events,2025-06-23,Website
766,1,emeka.traore766@example.com,Emeka,Traore,F,Active,Kenya,55+,Educational Content,2025-06-16,Paid Social
767,5,victor.mensah767@example.com,Victor,Mensah,F,Unsubscribed,France,35-44,Educational Content,2025-12-02,Paid Social
768,1,amina.adebayo768@example.com,Amina,Adebayo,M,Active,Nigeria,25-34,Educational Content,2024-10-16,Organic Search
769,6,david.adeyemi769@example.com,David,Adeyemi,F,Active,Nigeria,25-34,Product Updates,2024-10-17,Organic Search
770,6,joy.kamara770@example.com,Joy,Kamara,M,Unsubscribed,South Africa,18-24,Discounts,2024-08-12,Referral
771,1,emeka.nwosu771@example.com,Emeka,Nwosu,F,Unsubscribed,Ghana,55+,Product Updates,2024-06-26,Partner
772,4,zainab.kamara772@example.com,Zainab,Kamara,M,Active,Nigeria,25-34,Discounts,2025-08-03,Paid Social
773,7,ifeoma.diallo773@example.com,Ifeoma,Diallo,F,Active,France,45-54,Product Updates,2024-11-16,Organic Search
774,4,emeka.johnson774@example.com,Emeka,Johnson,F,Inactive,Ghana,25-34,Events,2025-03-07,Referral
775,1,amina.adebayo775@example.com,Amina,Adebayo,M,Active,Kenya,25-34,New Releases,2024-10-27,Referral
776,1,sarah.kamara776@example.com,Sarah,Kamara,F,Active,South Africa,25-34,New Releases,2024-02-26,Referral
777,2,david.traore777@example.com,David,Traore,M,Active,France,35-44,Educational Content,2025-08-21,Partner
778,5,tunde.osei778@example.com,Tunde,Osei,M,Inactive,Kenya,55+,Discounts,2024-11-04,Paid Social
779,5,ada.mohamed779@example.com,Ada,Mohamed,M,Active,Nigeria,18-24,New Releases,2024-09-10,Partner
780,1,musa.okafor780@example.com,Musa,Okafor,F,Inactive,Ghana,55+,Educational Content,2025-07-13,Paid Social
781,2,victor.johnson781@example.com,Victor,Johnson,M,Active,Ghana,35-44,Discounts,2024-09-03,Organic Search
782,1,michael.osei782@example.com,Michael,Osei,F,Active,Ghana,25-34,Product Updates,2025-11-14,Direct
783,2,sarah.mensah783@example.com,Sarah,Mensah,F,Active,Ghana,25-34,Product Updates,2025-02-02,Paid Social
784,1,noah.adeyemi784@example.com,Noah,Adeyemi,F,Active,Nigeria,45-54,Discounts,2024-10-10,Referral
785,1,chinedu.eze785@example.com,Chinedu,Eze,M,Active,Nigeria,35-44,Events,2024-06-04,Referral
786,3,hauwa.traore786@example.com,Hauwa,Traore,F,Active,South Africa,45-54,Educational Content,2025-02-07,Event
787,1,musa.abubakar787@example.com,Musa,Abubakar,F,Active,Kenya,25-34,New Releases,2024-05-12,Event
788,5,hauwa.eze788@example.com,Hauwa,Eze,F,Active,Nigeria,18-24,Discounts,2025-05-26,Paid Social
789,7,musa.traore789@example.com,Musa,Traore,M,Unsubscribed,Canada,45-54,Discounts,2025-03-06,Organic Search
790,7,tunde.ibrahim790@example.com,Tunde,Ibrahim,M,Active,Nigeria,35-44,Events,2024-01-31,Event
791,7,zainab.mensah791@example.com,Zainab,Mensah,F,Active,Nigeria,55+,New Releases,2025-05-17,Website
792,3,noah.nwosu792@example.com,Noah,Nwosu,M,Active,France,25-34,New Releases,2025-08-19,Event
793,1,david.osei793@example.com,David,Osei,M,Active,France,45-54,Educational Content,2024-03-14,Event
794,3,joy.mohamed794@example.com,Joy,Mohamed,M,Active,United Kingdom,35-44,Events,2025-07-26,Referral
795,6,amara.johnson795@example.com,Amara,Johnson,F,Active,Kenya,45-54,New Releases,2024-11-01,Organic Search
796,1,musa.nwosu796@example.com,Musa,Nwosu,M,Active,Kenya,25-34,Discounts,2024-09-14,Partner
797,3,emeka.bello797@example.com,Emeka,Bello,M,Active,Canada,18-24,New Releases,2025-09-17,Paid Social
798,4,sarah.adeyemi798@example.com,Sarah,Adeyemi,M,Active,Kenya,55+,Educational Content,2025-03-07,Website
799,2,zainab.adeyemi799@example.com,Zainab,Adeyemi,M,Active,Nigeria,45-54,Educational Content,2024-03-04,Direct
800,2,amara.adeyemi800@example.com,Amara,Adeyemi,F,Unsubscribed,Canada,55+,New Releases,2024-05-12,Event
801,2,tunde.mensah801@example.com,Tunde,Mensah,M,Active,Ghana,25-34,Educational Content,2024-08-21,Referral
802,1,tunde.okafor802@example.com,Tunde,Okafor,M,Active,Kenya,45-54,Product Updates,2025-01-21,Website
803,5,daniel.owusu803@example.com,Daniel,Owusu,M,Active,Nigeria,18-24,New Releases,2024-07-17,Direct
804,3,tunde.nwosu804@example.com,Tunde,Nwosu,M,Inactive,Nigeria,18-24,Events,2024-01-16,Event
805,6,samuel.adeyemi805@example.com,Samuel,Adeyemi,M,Active,Nigeria,25-34,Educational Content,2025-11-01,Organic Search
806,7,noah.kamara806@example.com,Noah,Kamara,F,Inactive,Ghana,18-24,Product Updates,2025-05-21,Organic Search
807,5,emeka.nwosu807@example.com,Emeka,Nwosu,F,Active,South Africa,55+,New Releases,2025-06-23,Paid Social
808,7,zainab.mensah808@example.com,Zainab,Mensah,M,Active,Nigeria,25-34,New Releases,2024-05-20,Referral
809,6,joy.nwosu809@example.com,Joy,Nwosu,F,Active,France,25-34,Educational Content,2024-02-06,Website
810,8,ifeoma.johnson810@example.com,Ifeoma,Johnson,M,Active,Nigeria,45-54,Educational Content,2024-03-27,Paid Social
811,1,victor.abubakar811@example.com,Victor,Abubakar,F,Active,Nigeria,25-34,Events,2024-07-07,Organic Search
812,5,michael.adeyemi812@example.com,Michael,Adeyemi,F,Active,Nigeria,35-44,Product Updates,2024-12-10,Direct
813,7,fatima.osei813@example.com,Fatima,Osei,M,Inactive,Nigeria,45-54,Events,2024-04-21,Partner
814,4,noah.johnson814@example.com,Noah,Johnson,F,Unsubscribed,Kenya,35-44,New Releases,2024-08-31,Paid Social
815,1,ada.ibrahim815@example.com,Ada,Ibrahim,F,Active,Nigeria,25-34,New Releases,2024-02-09,Paid Social
816,5,emeka.ibrahim816@example.com,Emeka,Ibrahim,F,Active,France,45-54,New Releases,2025-11-07,Organic Search
817,3,fatima.diallo817@example.com,Fatima,Diallo,F,Active,Ghana,25-34,Events,2025-10-15,Organic Search
818,6,grace.owusu818@example.com,Grace,Owusu,M,Unsubscribed,Kenya,18-24,New Releases,2024-07-03,Website
819,2,fatima.ibrahim819@example.com,Fatima,Ibrahim,F,Active,Nigeria,35-44,Discounts,2024-08-26,Partner
820,1,tunde.diallo820@example.com,Tunde,Diallo,F,Active,Kenya,18-24,Discounts,2024-09-22,Organic Search
821,8,ada.eze821@example.com,Ada,Eze,M,Active,Kenya,25-34,Product Updates,2024-03-20,Referral
822,2,zainab.eze822@example.com,Zainab,Eze,F,Active,Nigeria,25-34,Educational Content,2025-01-03,Organic Search
823,3,daniel.eze823@example.com,Daniel,Eze,F,Active,Canada,25-34,Product Updates,2024-06-02,Organic Search
824,7,ada.mensah824@example.com,Ada,Mensah,M,Active,France,25-34,New Releases,2024-08-08,Event
825,3,hauwa.adeyemi825@example.com,Hauwa,Adeyemi,M,Inactive,Ghana,55+,Product Updates,2025-08-01,Direct
826,4,hauwa.owusu826@example.com,Hauwa,Owusu,M,Active,United Kingdom,35-44,Product Updates,2025-06-16,Website
827,3,fatima.osei827@example.com,Fatima,Osei,F,Active,United Kingdom,25-34,Educational Content,2024-04-28,Paid Social
828,5,ifeoma.owusu828@example.com,Ifeoma,Owusu,F,Active,Nigeria,35-44,Product Updates,2025-09-11,Direct
829,2,daniel.nwosu829@example.com,Daniel,Nwosu,M,Active,Canada,25-34,Events,2025-09-12,Website
830,2,noah.traore830@example.com,Noah,Traore,F,Active,Nigeria,25-34,New Releases,2025-10-09,Direct
831,7,grace.diallo831@example.com,Grace,Diallo,F,Active,Nigeria,18-24,Educational Content,2025-04-26,Event
832,6,amina.adeyemi832@example.com,Amina,Adeyemi,F,Unsubscribed,Nigeria,18-24,Product Updates,2025-03-08,Organic Search
833,3,sarah.nwosu833@example.com,Sarah,Nwosu,F,Active,Nigeria,45-54,Educational Content,2024-02-16,Website
834,1,emeka.johnson834@example.com,Emeka,Johnson,F,Active,Kenya,35-44,Events,2024-05-17,Paid Social
835,6,hauwa.bello835@example.com,Hauwa,Bello,M,Active,United Kingdom,35-44,Educational Content,2024-11-24,Website
836,3,joy.ibrahim836@example.com,Joy,Ibrahim,M,Unsubscribed,Nigeria,25-34,Product Updates,2024-10-19,Website
837,3,zainab.diallo837@example.com,Zainab,Diallo,M,Active,Nigeria,55+,Discounts,2025-09-22,Referral
838,3,emeka.adebayo838@example.com,Emeka,Adebayo,M,Active,Nigeria,25-34,Events,2024-09-22,Paid Social
839,8,david.nwosu839@example.com,David,Nwosu,F,Active,Nigeria,25-34,New Releases,2024-02-10,Event
840,8,michael.osei840@example.com,Michael,Osei,M,Unsubscribed,Ghana,45-54,Educational Content,2025-03-31,Paid Social
841,4,ifeoma.adebayo841@example.com,Ifeoma,Adebayo,M,Active,South Africa,45-54,Product Updates,2024-09-26,Referral
842,1,amina.ibrahim842@example.com,Amina,Ibrahim,M,Active,Canada,45-54,Discounts,2025-06-03,Website
843,3,ifeoma.bello843@example.com,Ifeoma,Bello,F,Active,United Kingdom,18-24,Product Updates,2024-11-21,Direct
844,1,michael.adeyemi844@example.com,Michael,Adeyemi,M,Active,Nigeria,35-44,Discounts,2024-06-04,Website
845,4,chinedu.mohamed845@example.com,Chinedu,Mohamed,F,Inactive,Nigeria,35-44,Product Updates,2024-01-04,Direct
846,3,musa.osei846@example.com,Musa,Osei,M,Active,Nigeria,35-44,New Releases,2025-10-15,Paid Social
847,3,joy.diallo847@example.com,Joy,Diallo,F,Active,United Kingdom,45-54,Events,2025-09-04,Referral
848,3,musa.adebayo848@example.com,Musa,Adebayo,M,Active,Nigeria,55+,Educational Content,2024-09-10,Referral
849,5,david.diallo849@example.com,David,Diallo,F,Active,Canada,35-44,Educational Content,2025-05-10,Website
850,6,musa.owusu850@example.com,Musa,Owusu,M,Inactive,Nigeria,25-34,Discounts,2025-07-29,Partner
851,6,fatima.traore851@example.com,Fatima,Traore,F,Active,Ghana,25-34,Events,2025-05-12,Paid Social
852,6,zainab.adeyemi852@example.com,Zainab,Adeyemi,F,Active,Ghana,25-34,Discounts,2024-04-22,Referral
853,7,victor.traore853@example.com,Victor,Traore,M,Active,Kenya,18-24,Product Updates,2024-12-07,Event
854,7,michael.bello854@example.com,Michael,Bello,M,Active,Ghana,25-34,Discounts,2025-02-09,Direct
855,6,samuel.adebayo855@example.com,Samuel,Adebayo,M,Active,United Kingdom,25-34,Discounts,2024-01-14,Website
856,1,ada.mensah856@example.com,Ada,Mensah,F,Active,France,18-24,Educational Content,2025-12-05,Paid Social
857,2,fatima.mensah857@example.com,Fatima,Mensah,F,Active,South Africa,18-24,Educational Content,2025-05-31,Partner
858,6,daniel.okafor858@example.com,Daniel,Okafor,M,Active,France,35-44,Discounts,2025-02-04,Organic Search
859,1,victor.adebayo859@example.com,Victor,Adebayo,F,Active,Ghana,35-44,Educational Content,2024-09-27,Paid Social
860,8,hauwa.mohamed860@example.com,Hauwa,Mohamed,F,Active,Nigeria,18-24,Events,2025-06-30,Website
861,4,sarah.okafor861@example.com,Sarah,Okafor,F,Active,South Africa,55+,New Releases,2025-08-14,Website
862,8,sarah.nwosu862@example.com,Sarah,Nwosu,F,Inactive,Nigeria,35-44,Educational Content,2024-04-07,Paid Social
863,4,grace.mohamed863@example.com,Grace,Mohamed,M,Active,Nigeria,25-34,Events,2024-08-26,Referral
864,1,musa.ibrahim864@example.com,Musa,Ibrahim,F,Active,Nigeria,25-34,Discounts,2025-09-05,Organic Search
865,3,ada.ibrahim865@example.com,Ada,Ibrahim,M,Inactive,France,45-54,New Releases,2024-11-25,Referral
866,3,musa.bello866@example.com,Musa,Bello,M,Active,Ghana,18-24,Discounts,2024-05-04,Event
867,1,ifeoma.mensah867@example.com,Ifeoma,Mensah,M,Active,United Kingdom,25-34,New Releases,2025-07-14,Referral
868,3,ada.adebayo868@example.com,Ada,Adebayo,M,Active,Ghana,25-34,Educational Content,2025-01-15,Referral
869,4,chinedu.kamara869@example.com,Chinedu,Kamara,F,Active,Kenya,25-34,New Releases,2025-09-11,Direct
870,2,ifeoma.osei870@example.com,Ifeoma,Osei,F,Active,Canada,35-44,Discounts,2025-04-30,Organic Search
871,1,daniel.diallo871@example.com,Daniel,Diallo,M,Active,Ghana,55+,Product Updates,2025-12-11,Paid Social
872,1,ifeoma.traore872@example.com,Ifeoma,Traore,M,Active,Nigeria,25-34,Discounts,2024-08-19,Organic Search
873,3,ada.osei873@example.com,Ada,Osei,F,Active,Nigeria,45-54,Events,2025-10-01,Website
874,6,fatima.osei874@example.com,Fatima,Osei,M,Active,Kenya,18-24,Discounts,2024-04-14,Paid Social
875,1,joy.abubakar875@example.com,Joy,Abubakar,F,Unsubscribed,Kenya,45-54,New Releases,2024-08-02,Paid Social
876,1,samuel.osei876@example.com,Samuel,Osei,M,Unsubscribed,Canada,35-44,Discounts,2024-03-20,Organic Search
877,7,tunde.kamara877@example.com,Tunde,Kamara,F,Active,Ghana,25-34,Educational Content,2025-07-27,Referral
878,3,sarah.mohamed878@example.com,Sarah,Mohamed,F,Active,Nigeria,35-44,New Releases,2024-08-07,Organic Search
879,8,fatima.kamara879@example.com,Fatima,Kamara,F,Active,Kenya,25-34,Educational Content,2025-03-21,Website
880,5,chinedu.okafor880@example.com,Chinedu,Okafor,F,Active,United Kingdom,45-54,Educational Content,2025-07-27,Website
881,6,grace.abubakar881@example.com,Grace,Abubakar,F,Active,Nigeria,35-44,Product Updates,2024-07-18,Paid Social
882,1,noah.traore882@example.com,Noah,Traore,M,Active,United Kingdom,45-54,New Releases,2024-02-04,Direct
883,5,musa.abubakar883@example.com,Musa,Abubakar,M,Inactive,Canada,35-44,Educational Content,2025-04-27,Website
884,8,ifeoma.mohamed884@example.com,Ifeoma,Mohamed,M,Active,Ghana,45-54,New Releases,2024-01-30,Event
885,5,amina.diallo885@example.com,Amina,Diallo,M,Active,Nigeria,45-54,Product Updates,2024-03-04,Organic Search
886,3,michael.ibrahim886@example.com,Michael,Ibrahim,M,Unsubscribed,South Africa,35-44,Educational Content,2024-06-22,Partner
887,7,hauwa.eze887@example.com,Hauwa,Eze,M,Active,Canada,25-34,Product Updates,2025-05-28,Organic Search
888,1,fatima.bello888@example.com,Fatima,Bello,M,Active,Ghana,25-34,Discounts,2025-10-12,Website
889,6,ada.adebayo889@example.com,Ada,Adebayo,F,Active,Kenya,18-24,Events,2025-08-02,Website
890,7,amara.mensah890@example.com,Amara,Mensah,M,Inactive,Nigeria,18-24,Educational Content,2024-01-11,Website
891,1,emeka.johnson891@example.com,Emeka,Johnson,M,Active,United Kingdom,55+,Educational Content,2024-07-14,Partner
892,6,amina.adebayo892@example.com,Amina,Adebayo,M,Active,Nigeria,25-34,Educational Content,2024-08-19,Organic Search
893,6,fatima.osei893@example.com,Fatima,Osei,M,Active,Canada,25-34,Events,2025-08-15,Paid Social
894,3,joy.johnson894@example.com,Joy,Johnson,M,Active,Nigeria,45-54,Events,2025-03-20,Organic Search
895,3,noah.osei895@example.com,Noah,Osei,F,Active,South Africa,25-34,Educational Content,2024-09-21,Organic Search
896,1,fatima.adeyemi896@example.com,Fatima,Adeyemi,M,Active,Ghana,35-44,Events,2025-01-16,Organic Search
897,4,hauwa.adeyemi897@example.com,Hauwa,Adeyemi,F,Active,South Africa,35-44,Product Updates,2024-12-10,Organic Search
898,5,david.diallo898@example.com,David,Diallo,F,Active,Nigeria,25-34,Discounts,2025-09-23,Event
899,3,hauwa.owusu899@example.com,Hauwa,Owusu,F,Active,Ghana,25-34,Educational Content,2025-02-14,Website
900,3,samuel.mensah900@example.com,Samuel,Mensah,F,Active,Ghana,25-34,New Releases,2025-06-08,Paid Social
901,1,noah.osei901@example.com,Noah,Osei,M,Active,Nigeria,25-34,Product Updates,2024-05-24,Direct
902,6,ifeoma.abubakar902@example.com,Ifeoma,Abubakar,M,Active,Ghana,35-44,Discounts,2024-03-23,Partner
903,1,grace.owusu903@example.com,Grace,Owusu,M,Active,South Africa,18-24,New Releases,2025-05-03,Partner
904,1,david.mohamed904@example.com,David,Mohamed,F,Active,South Africa,45-54,Events,2024-04-08,Partner
905,3,zainab.kamara905@example.com,Zainab,Kamara,F,Active,France,45-54,Events,2024-12-21,Website
906,4,hauwa.okafor906@example.com,Hauwa,Okafor,M,Active,United Kingdom,18-24,Discounts,2024-01-02,Paid Social
907,5,sarah.bello907@example.com,Sarah,Bello,M,Active,Nigeria,25-34,Discounts,2025-01-28,Paid Social
908,5,daniel.kamara908@example.com,Daniel,Kamara,F,Unsubscribed,Nigeria,35-44,Events,2024-07-02,Organic Search
909,1,joy.mensah909@example.com,Joy,Mensah,F,Active,France,25-34,Product Updates,2024-01-13,Website
910,1,amina.abubakar910@example.com,Amina,Abubakar,F,Active,Nigeria,35-44,Events,2025-03-11,Referral
911,2,david.johnson911@example.com,David,Johnson,F,Active,France,35-44,New Releases,2024-07-02,Direct
912,8,michael.abubakar912@example.com,Michael,Abubakar,M,Active,Nigeria,25-34,New Releases,2025-09-21,Paid Social
913,6,ifeoma.owusu913@example.com,Ifeoma,Owusu,M,Active,Ghana,18-24,Events,2025-09-05,Referral
914,5,fatima.owusu914@example.com,Fatima,Owusu,F,Active,South Africa,35-44,Product Updates,2024-12-31,Referral
915,3,ifeoma.traore915@example.com,Ifeoma,Traore,F,Active,Kenya,35-44,Educational Content,2025-02-09,Event
916,2,amara.mensah916@example.com,Amara,Mensah,M,Active,South Africa,35-44,Events,2025-04-14,Partner
917,5,samuel.johnson917@example.com,Samuel,Johnson,M,Active,Nigeria,25-34,Discounts,2024-04-13,Website
918,3,amara.traore918@example.com,Amara,Traore,F,Active,Ghana,18-24,Educational Content,2024-03-22,Website
919,6,daniel.mensah919@example.com,Daniel,Mensah,M,Active,Kenya,55+,New Releases,2024-09-06,Referral
920,5,tunde.eze920@example.com,Tunde,Eze,F,Active,Nigeria,55+,Educational Content,2024-10-10,Event
921,4,tunde.abubakar921@example.com,Tunde,Abubakar,M,Inactive,South Africa,25-34,Events,2024-10-08,Paid Social
922,2,victor.traore922@example.com,Victor,Traore,M,Active,Nigeria,18-24,Educational Content,2025-09-15,Paid Social
923,6,hauwa.owusu923@example.com,Hauwa,Owusu,F,Active,Kenya,25-34,New Releases,2024-12-20,Organic Search
924,6,amina.johnson924@example.com,Amina,Johnson,F,Active,Nigeria,35-44,Events,2025-08-08,Paid Social
925,8,musa.eze925@example.com,Musa,Eze,M,Unsubscribed,Nigeria,55+,Educational Content,2025-11-21,Paid Social
926,3,amina.diallo926@example.com,Amina,Diallo,F,Active,Kenya,25-34,Product Updates,2025-05-17,Event
927,8,sarah.kamara927@example.com,Sarah,Kamara,F,Active,Kenya,45-54,Product Updates,2024-04-23,Paid Social
928,4,chinedu.diallo928@example.com,Chinedu,Diallo,F,Active,Kenya,25-34,Discounts,2024-11-23,Referral
929,6,david.traore929@example.com,David,Traore,F,Inactive,Nigeria,25-34,Events,2024-06-30,Paid Social
930,3,ada.traore930@example.com,Ada,Traore,F,Active,South Africa,35-44,Product Updates,2025-03-04,Paid Social
931,3,ada.nwosu931@example.com,Ada,Nwosu,M,Active,Kenya,25-34,Product Updates,2024-01-24,Website
932,3,samuel.diallo932@example.com,Samuel,Diallo,F,Unsubscribed,South Africa,55+,Product Updates,2025-07-19,Event
933,4,grace.diallo933@example.com,Grace,Diallo,F,Active,Nigeria,45-54,Discounts,2024-07-23,Referral
934,3,noah.bello934@example.com,Noah,Bello,M,Active,Nigeria,25-34,Discounts,2024-09-04,Website
935,6,ifeoma.mensah935@example.com,Ifeoma,Mensah,F,Inactive,United Kingdom,45-54,Discounts,2024-02-03,Referral
936,5,daniel.mohamed936@example.com,Daniel,Mohamed,F,Active,Nigeria,25-34,Educational Content,2025-09-13,Partner
937,5,michael.okafor937@example.com,Michael,Okafor,F,Inactive,Ghana,35-44,Educational Content,2025-01-07,Partner
938,3,joy.johnson938@example.com,Joy,Johnson,F,Active,France,18-24,Educational Content,2024-04-24,Event
939,6,emeka.owusu939@example.com,Emeka,Owusu,F,Active,Nigeria,25-34,Events,2025-10-19,Paid Social
940,5,ifeoma.mohamed940@example.com,Ifeoma,Mohamed,M,Active,France,25-34,Events,2024-09-21,Paid Social
941,4,victor.adeyemi941@example.com,Victor,Adeyemi,M,Active,Nigeria,25-34,Discounts,2024-10-25,Partner
942,3,chinedu.adebayo942@example.com,Chinedu,Adebayo,F,Active,South Africa,35-44,Discounts,2024-05-30,Event
943,5,sarah.ibrahim943@example.com,Sarah,Ibrahim,M,Active,Nigeria,25-34,Educational Content,2025-01-07,Organic Search
944,6,joy.abubakar944@example.com,Joy,Abubakar,F,Active,Kenya,18-24,Educational Content,2025-05-28,Website
945,3,emeka.abubakar945@example.com,Emeka,Abubakar,F,Inactive,South Africa,45-54,Events,2025-11-15,Organic Search
946,7,zainab.nwosu946@example.com,Zainab,Nwosu,F,Active,Nigeria,18-24,New Releases,2025-10-27,Event
947,1,musa.johnson947@example.com,Musa,Johnson,M,Unsubscribed,United Kingdom,45-54,New Releases,2025-11-11,Partner
948,1,david.traore948@example.com,David,Traore,M,Inactive,Nigeria,55+,New Releases,2025-04-02,Partner
949,4,samuel.nwosu949@example.com,Samuel,Nwosu,F,Inactive,France,25-34,Discounts,2024-02-11,Paid Social
950,8,fatima.ibrahim950@example.com,Fatima,Ibrahim,M,Active,France,35-44,Product Updates,2024-11-06,Direct
951,1,samuel.nwosu951@example.com,Samuel,Nwosu,F,Active,Ghana,35-44,Product Updates,2024-07-20,Paid Social
952,4,ifeoma.bello952@example.com,Ifeoma,Bello,F,Active,Nigeria,35-44,Discounts,2024-01-10,Website
953,5,david.johnson953@example.com,David,Johnson,M,Active,Kenya,35-44,Events,2025-02-20,Direct
954,5,musa.diallo954@example.com,Musa,Diallo,F,Active,Ghana,25-34,Educational Content,2024-12-15,Paid Social
955,2,michael.adebayo955@example.com,Michael,Adebayo,F,Active,Nigeria,35-44,Discounts,2025-06-05,Referral
956,4,chinedu.diallo956@example.com,Chinedu,Diallo,M,Active,France,35-44,Product Updates,2025-10-15,Direct
957,5,chinedu.osei957@example.com,Chinedu,Osei,M,Unsubscribed,France,25-34,New Releases,2024-04-15,Paid Social
958,5,victor.osei958@example.com,Victor,Osei,M,Inactive,Nigeria,25-34,Events,2024-11-29,Event
959,8,musa.owusu959@example.com,Musa,Owusu,F,Active,Nigeria,25-34,Educational Content,2024-12-28,Paid Social
960,6,zainab.johnson960@example.com,Zainab,Johnson,F,Inactive,Ghana,25-34,Events,2025-02-22,Organic Search
961,3,amina.johnson961@example.com,Amina,Johnson,F,Active,Nigeria,35-44,Discounts,2025-01-17,Website
962,1,daniel.abubakar962@example.com,Daniel,Abubakar,F,Active,Kenya,35-44,Discounts,2024-10-07,Website
963,1,samuel.diallo963@example.com,Samuel,Diallo,F,Inactive,South Africa,55+,New Releases,2025-11-06,Referral
964,3,musa.nwosu964@example.com,Musa,Nwosu,F,Active,Canada,35-44,Product Updates,2024-10-09,Organic Search
965,4,ifeoma.adebayo965@example.com,Ifeoma,Adebayo,M,Unsubscribed,Ghana,45-54,Product Updates,2024-06-04,Paid Social
966,6,hauwa.adebayo966@example.com,Hauwa,Adebayo,M,Active,Kenya,25-34,Educational Content,2024-09-23,Website
967,4,noah.okafor967@example.com,Noah,Okafor,M,Active,France,18-24,Educational Content,2025-04-01,Direct
968,6,grace.diallo968@example.com,Grace,Diallo,F,Unsubscribed,Ghana,25-34,Educational Content,2024-09-18,Paid Social
969,5,ada.kamara969@example.com,Ada,Kamara,M,Inactive,South Africa,25-34,Events,2025-06-08,Event
970,3,hauwa.owusu970@example.com,Hauwa,Owusu,M,Active,Canada,45-54,Educational Content,2025-08-11,Event
971,3,amara.bello971@example.com,Amara,Bello,M,Active,Canada,45-54,New Releases,2024-03-30,Organic Search
972,4,ifeoma.osei972@example.com,Ifeoma,Osei,M,Active,France,25-34,Educational Content,2024-06-04,Referral
973,5,amara.diallo973@example.com,Amara,Diallo,F,Active,Ghana,45-54,Events,2024-10-27,Partner
974,1,sarah.okafor974@example.com,Sarah,Okafor,M,Active,Nigeria,25-34,Educational Content,2024-11-30,Partner
975,4,grace.eze975@example.com,Grace,Eze,M,Active,Nigeria,18-24,Educational Content,2025-09-08,Organic Search
976,7,tunde.kamara976@example.com,Tunde,Kamara,F,Active,Canada,25-34,Educational Content,2024-07-25,Direct
977,3,daniel.ibrahim977@example.com,Daniel,Ibrahim,M,Unsubscribed,Canada,25-34,Educational Content,2024-05-06,Organic Search
978,6,sarah.okafor978@example.com,Sarah,Okafor,F,Active,United Kingdom,45-54,Discounts,2025-02-12,Paid Social
979,1,sarah.mensah979@example.com,Sarah,Mensah,M,Active,Canada,25-34,New Releases,2024-08-02,Website
980,1,musa.eze980@example.com,Musa,Eze,F,Active,Ghana,25-34,Product Updates,2024-09-18,Event
981,4,ifeoma.okafor981@example.com,Ifeoma,Okafor,M,Inactive,Ghana,25-34,Product Updates,2025-03-20,Paid Social
982,7,noah.nwosu982@example.com,Noah,Nwosu,M,Unsubscribed,South Africa,45-54,Events,2024-02-16,Organic Search
983,1,samuel.diallo983@example.com,Samuel,Diallo,M,Active,Nigeria,18-24,Events,2024-08-02,Event
984,6,noah.eze984@example.com,Noah,Eze,F,Inactive,France,25-34,Discounts,2025-01-08,Direct
985,6,david.diallo985@example.com,David,Diallo,M,Active,Ghana,25-34,Educational Content,2024-11-24,Direct
986,1,ada.traore986@example.com,Ada,Traore,M,Active,United Kingdom,18-24,Discounts,2025-01-21,Direct
987,6,joy.diallo987@example.com,Joy,Diallo,M,Inactive,Nigeria,25-34,Discounts,2025-05-02,Organic Search
988,3,daniel.johnson988@example.com,Daniel,Johnson,M,Active,United Kingdom,45-54,Product Updates,2024-09-20,Paid Social
989,1,michael.eze989@example.com,Michael,Eze,M,Active,Ghana,35-44,New Releases,2024-05-12,Paid Social
990,6,amina.nwosu990@example.com,Amina,Nwosu,M,Active,France,35-44,Educational Content,2024-08-19,Partner
991,2,noah.traore991@example.com,Noah,Traore,F,Active,South Africa,25-34,New Releases,2024-05-14,Direct
992,3,emeka.kamara992@example.com,Emeka,Kamara,M,Inactive,France,45-54,Product Updates,2024-05-26,Event
993,5,samuel.diallo993@example.com,Samuel,Diallo,F,Active,Nigeria,35-44,Events,2025-08-14,Partner
994,3,grace.johnson994@example.com,Grace,Johnson,F,Active,Kenya,18-24,Educational Content,2024-12-11,Website
995,3,chinedu.ibrahim995@example.com,Chinedu,Ibrahim,F,Active,France,25-34,New Releases,2024-12-16,Referral
996,6,fatima.bello996@example.com,Fatima,Bello,F,Active,Ghana,18-24,New Releases,2025-04-13,Organic Search
997,6,david.adebayo997@example.com,David,Adebayo,M,Inactive,United Kingdom,25-34,Events,2025-02-11,Website
998,6,joy.osei998@example.com,Joy,Osei,M,Inactive,United Kingdom,25-34,Product Updates,2025-07-30,Paid Social
999,6,joy.adeyemi999@example.com,Joy,Adeyemi,F,Active,Kenya,35-44,New Releases,2025-11-27,Organic Search
1000,1,victor.nwosu1000@example.com,Victor,Nwosu,M,Active,Kenya,55+,Events,2025-02-14,Partner
1001,2,joy.owusu1001@example.com,Joy,Owusu,F,Active,Ghana,18-24,Educational Content,2025-07-23,Organic Search
1002,5,grace.bello1002@example.com,Grace,Bello,M,Inactive,France,18-24,Events,2025-02-04,Partner
1003,6,daniel.abubakar1003@example.com,Daniel,Abubakar,M,Active,Nigeria,25-34,Discounts,2025-02-15,Direct
1004,1,hauwa.kamara1004@example.com,Hauwa,Kamara,M,Active,Ghana,35-44,Educational Content,2024-11-14,Organic Search
1005,4,victor.mohamed1005@example.com,Victor,Mohamed,M,Active,South Africa,25-34,Product Updates,2024-06-06,Referral
1006,1,zainab.ibrahim1006@example.com,Zainab,Ibrahim,M,Active,Ghana,45-54,Product Updates,2024-06-21,Website
1007,6,musa.adebayo1007@example.com,Musa,Adebayo,M,Inactive,Kenya,18-24,New Releases,2025-11-11,Direct
1008,4,daniel.owusu1008@example.com,Daniel,Owusu,M,Active,Kenya,45-54,Educational Content,2024-09-14,Partner
1009,5,zainab.owusu1009@example.com,Zainab,Owusu,F,Active,Canada,18-24,Product Updates,2025-08-22,Website
1010,4,hauwa.owusu1010@example.com,Hauwa,Owusu,F,Unsubscribed,Nigeria,45-54,Events,2025-09-13,Website
1011,4,sarah.adeyemi1011@example.com,Sarah,Adeyemi,M,Active,Kenya,45-54,Product Updates,2024-09-01,Website
1012,3,victor.owusu1012@example.com,Victor,Owusu,F,Active,South Africa,18-24,Events,2025-06-19,Partner
1013,1,sarah.owusu1013@example.com,Sarah,Owusu,M,Inactive,Nigeria,25-34,Educational Content,2025-04-12,Organic Search
1014,6,fatima.eze1014@example.com,Fatima,Eze,F,Active,Nigeria,55+,Educational Content,2025-04-14,Referral
1015,5,fatima.diallo1015@example.com,Fatima,Diallo,M,Active,Kenya,45-54,Educational Content,2024-06-25,Event
1016,6,amara.traore1016@example.com,Amara,Traore,F,Active,Kenya,35-44,Discounts,2024-04-02,Paid Social
1017,5,zainab.mohamed1017@example.com,Zainab,Mohamed,M,Unsubscribed,France,25-34,Events,2024-06-12,Paid Social
1018,8,zainab.okafor1018@example.com,Zainab,Okafor,M,Active,Nigeria,25-34,New Releases,2025-07-27,Website
1019,4,sarah.bello1019@example.com,Sarah,Bello,M,Active,Nigeria,35-44,Events,2024-12-14,Partner
1020,4,sarah.kamara1020@example.com,Sarah,Kamara,F,Unsubscribed,Nigeria,55+,Educational Content,2024-08-18,Website
1021,3,tunde.nwosu1021@example.com,Tunde,Nwosu,M,Inactive,South Africa,25-34,Events,2024-09-08,Paid Social
1022,6,ifeoma.osei1022@example.com,Ifeoma,Osei,M,Active,Nigeria,25-34,Product Updates,2025-03-25,Partner
1023,3,michael.osei1023@example.com,Michael,Osei,F,Unsubscribed,Nigeria,25-34,Events,2024-09-24,Website
1024,5,emeka.ibrahim1024@example.com,Emeka,Ibrahim,F,Active,Nigeria,45-54,Discounts,2025-12-10,Paid Social
1025,1,samuel.kamara1025@example.com,Samuel,Kamara,M,Active,Canada,45-54,New Releases,2024-04-17,Website
1026,6,victor.nwosu1026@example.com,Victor,Nwosu,F,Active,South Africa,35-44,New Releases,2024-10-02,Partner
1027,4,tunde.johnson1027@example.com,Tunde,Johnson,F,Active,Ghana,25-34,Discounts,2025-10-27,Organic Search
1028,1,emeka.mohamed1028@example.com,Emeka,Mohamed,M,Inactive,Nigeria,25-34,Educational Content,2025-09-04,Website
1029,4,amina.abubakar1029@example.com,Amina,Abubakar,M,Active,South Africa,25-34,Educational Content,2025-06-04,Paid Social
1030,7,amina.traore1030@example.com,Amina,Traore,M,Active,Canada,18-24,Educational Content,2024-03-13,Website
1031,5,joy.owusu1031@example.com,Joy,Owusu,M,Inactive,France,25-34,New Releases,2024-01-31,Event
1032,5,musa.mensah1032@example.com,Musa,Mensah,F,Active,Nigeria,55+,New Releases,2025-02-21,Website
1033,3,musa.kamara1033@example.com,Musa,Kamara,F,Unsubscribed,Nigeria,25-34,Discounts,2024-04-02,Website
1034,1,sarah.osei1034@example.com,Sarah,Osei,M,Unsubscribed,Nigeria,35-44,Product Updates,2024-01-21,Paid Social
1035,6,tunde.adeyemi1035@example.com,Tunde,Adeyemi,F,Active,Nigeria,18-24,New Releases,2024-11-09,Organic Search
1036,1,hauwa.eze1036@example.com,Hauwa,Eze,M,Active,Canada,25-34,New Releases,2024-12-19,Referral
1037,1,amina.eze1037@example.com,Amina,Eze,M,Active,United Kingdom,35-44,Discounts,2025-03-31,Referral
1038,1,tunde.mensah1038@example.com,Tunde,Mensah,F,Active,Canada,18-24,Discounts,2024-04-12,Website
1039,4,victor.kamara1039@example.com,Victor,Kamara,F,Inactive,Canada,55+,New Releases,2025-11-15,Partner
1040,4,zainab.nwosu1040@example.com,Zainab,Nwosu,F,Active,Nigeria,55+,Events,2025-01-01,Organic Search
1041,1,musa.mensah1041@example.com,Musa,Mensah,M,Active,South Africa,25-34,New Releases,2025-06-18,Website
1042,3,michael.osei1042@example.com,Michael,Osei,F,Active,Nigeria,25-34,Discounts,2025-02-17,Paid Social
1043,3,amara.mohamed1043@example.com,Amara,Mohamed,M,Active,Ghana,25-34,Events,2024-10-21,Website
1044,6,tunde.adeyemi1044@example.com,Tunde,Adeyemi,M,Active,Canada,25-34,New Releases,2024-06-26,Event
1045,5,tunde.okafor1045@example.com,Tunde,Okafor,M,Active,Canada,25-34,Educational Content,2025-12-01,Direct
1046,6,joy.diallo1046@example.com,Joy,Diallo,F,Inactive,South Africa,18-24,Discounts,2024-11-23,Organic Search
1047,1,grace.mohamed1047@example.com,Grace,Mohamed,M,Active,Kenya,35-44,Product Updates,2025-12-06,Direct
1048,1,noah.okafor1048@example.com,Noah,Okafor,M,Inactive,South Africa,45-54,Educational Content,2025-01-15,Direct
1049,7,sarah.adeyemi1049@example.com,Sarah,Adeyemi,M,Active,Nigeria,25-34,Educational Content,2025-08-07,Partner
1050,5,noah.osei1050@example.com,Noah,Osei,F,Inactive,Ghana,18-24,Events,2025-05-14,Paid Social
1051,2,ada.abubakar1051@example.com,Ada,Abubakar,M,Active,South Africa,25-34,Discounts,2024-06-11,Organic Search
1052,7,musa.bello1052@example.com,Musa,Bello,M,Active,Kenya,18-24,Educational Content,2025-02-11,Direct
1053,2,noah.adebayo1053@example.com,Noah,Adebayo,F,Active,Nigeria,18-24,Discounts,2025-05-24,Direct
1054,1,joy.adeyemi1054@example.com,Joy,Adeyemi,F,Active,Ghana,18-24,Product Updates,2025-12-11,Partner
1055,6,samuel.owusu1055@example.com,Samuel,Owusu,F,Active,Ghana,18-24,New Releases,2025-05-30,Event
1056,6,grace.osei1056@example.com,Grace,Osei,F,Inactive,Nigeria,18-24,Discounts,2024-12-24,Paid Social
1057,3,tunde.abubakar1057@example.com,Tunde,Abubakar,F,Active,Nigeria,25-34,Product Updates,2024-12-09,Paid Social
1058,5,ifeoma.okafor1058@example.com,Ifeoma,Okafor,F,Active,Nigeria,25-34,New Releases,2025-07-14,Paid Social
1059,8,tunde.mensah1059@example.com,Tunde,Mensah,M,Active,Ghana,35-44,New Releases,2024-11-25,Website
1060,3,amina.mensah1060@example.com,Amina,Mensah,M,Inactive,Nigeria,18-24,Product Updates,2024-08-17,Partner
1061,6,tunde.bello1061@example.com,Tunde,Bello,M,Active,South Africa,45-54,New Releases,2025-09-22,Website
1062,3,samuel.mohamed1062@example.com,Samuel,Mohamed,F,Active,Nigeria,55+,Events,2025-04-10,Referral
1063,4,emeka.nwosu1063@example.com,Emeka,Nwosu,M,Unsubscribed,Nigeria,35-44,Events,2024-01-22,Direct
1064,3,noah.kamara1064@example.com,Noah,Kamara,M,Inactive,Ghana,35-44,New Releases,2025-10-03,Partner
1065,3,sarah.owusu1065@example.com,Sarah,Owusu,F,Active,Ghana,25-34,Events,2025-11-12,Referral
1066,3,joy.osei1066@example.com,Joy,Osei,M,Active,Nigeria,25-34,Discounts,2025-09-25,Direct
1067,3,ifeoma.owusu1067@example.com,Ifeoma,Owusu,F,Active,South Africa,25-34,Discounts,2025-04-08,Referral
1068,3,victor.owusu1068@example.com,Victor,Owusu,M,Unsubscribed,Nigeria,25-34,Discounts,2024-07-03,Website
1069,7,ada.osei1069@example.com,Ada,Osei,F,Active,Kenya,18-24,New Releases,2025-08-11,Event
1070,6,grace.kamara1070@example.com,Grace,Kamara,F,Active,Nigeria,25-34,Discounts,2025-09-17,Event
1071,7,victor.adeyemi1071@example.com,Victor,Adeyemi,M,Unsubscribed,France,18-24,Product Updates,2024-04-02,Direct
1072,3,emeka.osei1072@example.com,Emeka,Osei,M,Unsubscribed,Canada,25-34,Product Updates,2025-05-01,Paid Social
1073,3,chinedu.adebayo1073@example.com,Chinedu,Adebayo,F,Active,Nigeria,35-44,Discounts,2025-09-25,Organic Search
1074,3,michael.mohamed1074@example.com,Michael,Mohamed,F,Active,South Africa,45-54,Product Updates,2025-03-31,Website
1075,1,tunde.kamara1075@example.com,Tunde,Kamara,F,Unsubscribed,Ghana,25-34,Product Updates,2025-03-27,Website
1076,5,chinedu.johnson1076@example.com,Chinedu,Johnson,M,Active,Canada,55+,New Releases,2024-03-28,Paid Social
1077,7,amara.diallo1077@example.com,Amara,Diallo,M,Inactive,Kenya,35-44,Discounts,2025-10-11,Organic Search
1078,3,amara.eze1078@example.com,Amara,Eze,F,Active,Nigeria,45-54,Events,2024-09-15,Direct
1079,1,fatima.okafor1079@example.com,Fatima,Okafor,F,Active,Nigeria,18-24,Discounts,2025-03-19,Website
1080,3,fatima.johnson1080@example.com,Fatima,Johnson,M,Active,Nigeria,18-24,New Releases,2024-11-05,Organic Search
1081,3,musa.abubakar1081@example.com,Musa,Abubakar,F,Unsubscribed,Nigeria,35-44,Events,2025-02-20,Paid Social
1082,5,amina.eze1082@example.com,Amina,Eze,F,Active,Kenya,25-34,Educational Content,2025-11-18,Organic Search
1083,1,zainab.mensah1083@example.com,Zainab,Mensah,M,Active,France,45-54,Product Updates,2024-03-07,Paid Social
1084,1,samuel.bello1084@example.com,Samuel,Bello,M,Active,Nigeria,18-24,Educational Content,2024-06-08,Partner
1085,5,ifeoma.traore1085@example.com,Ifeoma,Traore,M,Inactive,Kenya,18-24,Discounts,2024-07-09,Paid Social
1086,1,amara.okafor1086@example.com,Amara,Okafor,F,Active,France,25-34,Product Updates,2025-10-02,Website
1087,4,musa.osei1087@example.com,Musa,Osei,F,Active,Kenya,25-34,Educational Content,2024-03-03,Event
1088,3,joy.okafor1088@example.com,Joy,Okafor,M,Active,Nigeria,25-34,Discounts,2024-07-12,Partner
1089,5,amara.osei1089@example.com,Amara,Osei,M,Active,United Kingdom,35-44,Discounts,2025-08-29,Organic Search
1090,2,daniel.adebayo1090@example.com,Daniel,Adebayo,M,Active,Ghana,45-54,Discounts,2025-11-30,Referral
1091,2,chinedu.bello1091@example.com,Chinedu,Bello,M,Active,Nigeria,25-34,Product Updates,2024-03-22,Website
1092,5,ifeoma.okafor1092@example.com,Ifeoma,Okafor,M,Active,Nigeria,45-54,Educational Content,2024-03-08,Website
1093,4,zainab.johnson1093@example.com,Zainab,Johnson,F,Active,France,25-34,Events,2025-07-13,Paid Social
1094,8,grace.nwosu1094@example.com,Grace,Nwosu,M,Active,Nigeria,25-34,Events,2025-02-16,Partner
1095,3,ifeoma.johnson1095@example.com,Ifeoma,Johnson,M,Unsubscribed,Nigeria,35-44,Events,2025-01-25,Direct
1096,8,amina.abubakar1096@example.com,Amina,Abubakar,F,Inactive,Nigeria,45-54,Discounts,2024-04-07,Organic Search
1097,1,musa.kamara1097@example.com,Musa,Kamara,F,Active,Nigeria,18-24,Events,2025-07-16,Organic Search
1098,2,grace.mohamed1098@example.com,Grace,Mohamed,F,Active,Ghana,55+,Discounts,2024-12-27,Referral
1099,8,amara.traore1099@example.com,Amara,Traore,F,Active,Kenya,18-24,New Releases,2025-03-02,Direct
1100,4,noah.diallo1100@example.com,Noah,Diallo,F,Active,Kenya,35-44,Events,2025-06-26,Website
1101,2,emeka.kamara1101@example.com,Emeka,Kamara,F,Active,Kenya,25-34,Product Updates,2024-08-02,Referral
1102,7,samuel.traore1102@example.com,Samuel,Traore,F,Active,France,35-44,New Releases,2024-05-10,Event
1103,8,hauwa.nwosu1103@example.com,Hauwa,Nwosu,M,Active,France,25-34,New Releases,2025-06-07,Referral
1104,7,sarah.kamara1104@example.com,Sarah,Kamara,F,Unsubscribed,Nigeria,25-34,New Releases,2024-03-09,Direct
1105,3,grace.ibrahim1105@example.com,Grace,Ibrahim,M,Active,Nigeria,45-54,Events,2024-12-01,Paid Social
1106,3,victor.mohamed1106@example.com,Victor,Mohamed,M,Active,France,55+,Events,2025-07-03,Direct
1107,1,grace.mensah1107@example.com,Grace,Mensah,F,Active,France,35-44,Discounts,2024-09-11,Referral
1108,6,daniel.okafor1108@example.com,Daniel,Okafor,F,Active,Nigeria,18-24,Product Updates,2025-03-07,Organic Search
1109,1,ifeoma.kamara1109@example.com,Ifeoma,Kamara,F,Active,Kenya,35-44,New Releases,2024-10-07,Referral
1110,3,grace.johnson1110@example.com,Grace,Johnson,F,Unsubscribed,Nigeria,18-24,Product Updates,2025-01-12,Organic Search
1111,1,sarah.okafor1111@example.com,Sarah,Okafor,F,Active,South Africa,25-34,Educational Content,2025-10-21,Website
1112,2,hauwa.adeyemi1112@example.com,Hauwa,Adeyemi,M,Active,South Africa,35-44,Events,2024-06-04,Organic Search
1113,1,chinedu.nwosu1113@example.com,Chinedu,Nwosu,M,Active,France,55+,Educational Content,2024-03-12,Organic Search
1114,4,michael.adeyemi1114@example.com,Michael,Adeyemi,F,Active,South Africa,25-34,Discounts,2024-07-31,Referral
1115,3,david.ibrahim1115@example.com,David,Ibrahim,M,Active,Nigeria,35-44,New Releases,2024-08-18,Organic Search
1116,4,tunde.nwosu1116@example.com,Tunde,Nwosu,M,Active,Canada,55+,Discounts,2025-10-11,Referral
1117,5,ada.adebayo1117@example.com,Ada,Adebayo,F,Active,Nigeria,35-44,Events,2025-08-26,Website
1118,1,samuel.mohamed1118@example.com,Samuel,Mohamed,M,Active,Nigeria,18-24,Educational Content,2025-02-10,Referral
1119,1,michael.okafor1119@example.com,Michael,Okafor,F,Active,Nigeria,25-34,Events,2025-09-14,Organic Search
1120,2,grace.traore1120@example.com,Grace,Traore,F,Active,Ghana,35-44,Events,2025-10-29,Organic Search
1121,5,sarah.osei1121@example.com,Sarah,Osei,M,Inactive,Nigeria,25-34,Product Updates,2025-08-06,Event
1122,6,noah.osei1122@example.com,Noah,Osei,F,Unsubscribed,Nigeria,18-24,Discounts,2024-08-10,Website
1123,4,noah.okafor1123@example.com,Noah,Okafor,M,Active,France,45-54,Discounts,2024-12-01,Referral
1124,3,sarah.diallo1124@example.com,Sarah,Diallo,F,Active,Ghana,35-44,Discounts,2024-01-01,Organic Search
1125,6,victor.adeyemi1125@example.com,Victor,Adeyemi,M,Active,Canada,55+,Educational Content,2024-06-12,Referral
1126,1,emeka.osei1126@example.com,Emeka,Osei,M,Active,Canada,35-44,Educational Content,2024-01-23,Organic Search
1127,2,tunde.mensah1127@example.com,Tunde,Mensah,F,Active,Nigeria,25-34,Discounts,2025-11-29,Organic Search
1128,6,musa.diallo1128@example.com,Musa,Diallo,M,Active,Nigeria,35-44,Events,2025-07-24,Partner
1129,2,ada.mohamed1129@example.com,Ada,Mohamed,M,Active,France,18-24,Product Updates,2024-02-08,Paid Social
1130,4,ifeoma.owusu1130@example.com,Ifeoma,Owusu,M,Unsubscribed,Canada,35-44,Product Updates,2024-10-15,Website
1131,5,grace.ibrahim1131@example.com,Grace,Ibrahim,M,Active,South Africa,55+,Discounts,2024-01-02,Paid Social
1132,8,tunde.owusu1132@example.com,Tunde,Owusu,F,Active,France,35-44,Product Updates,2025-01-11,Paid Social
1133,3,musa.diallo1133@example.com,Musa,Diallo,F,Active,South Africa,25-34,New Releases,2025-10-16,Referral
1134,3,chinedu.abubakar1134@example.com,Chinedu,Abubakar,F,Active,Ghana,25-34,Educational Content,2025-05-21,Organic Search
1135,5,daniel.eze1135@example.com,Daniel,Eze,F,Active,Nigeria,25-34,Discounts,2025-04-22,Paid Social
1136,3,michael.diallo1136@example.com,Michael,Diallo,M,Active,Nigeria,45-54,Discounts,2024-06-12,Website
1137,6,hauwa.kamara1137@example.com,Hauwa,Kamara,M,Inactive,France,25-34,Events,2025-06-16,Partner
1138,1,ada.ibrahim1138@example.com,Ada,Ibrahim,M,Active,France,35-44,Educational Content,2025-01-17,Referral
1139,4,sarah.abubakar1139@example.com,Sarah,Abubakar,M,Active,Kenya,35-44,Product Updates,2024-06-08,Paid Social
1140,6,grace.okafor1140@example.com,Grace,Okafor,M,Active,Ghana,45-54,Educational Content,2024-08-02,Paid Social
1141,4,david.osei1141@example.com,David,Osei,M,Active,Nigeria,25-34,Discounts,2024-03-14,Organic Search
1142,1,ifeoma.mensah1142@example.com,Ifeoma,Mensah,F,Active,Canada,35-44,Product Updates,2025-02-01,Website
1143,3,noah.owusu1143@example.com,Noah,Owusu,F,Active,Kenya,35-44,Events,2024-12-25,Direct
1144,1,musa.abubakar1144@example.com,Musa,Abubakar,M,Active,Ghana,35-44,Educational Content,2024-01-28,Direct
1145,3,musa.bello1145@example.com,Musa,Bello,F,Active,Nigeria,18-24,Discounts,2024-04-06,Website
1146,3,zainab.nwosu1146@example.com,Zainab,Nwosu,F,Active,Nigeria,25-34,Events,2024-01-11,Paid Social
1147,5,hauwa.okafor1147@example.com,Hauwa,Okafor,F,Active,Nigeria,25-34,Educational Content,2025-07-02,Website
1148,5,tunde.ibrahim1148@example.com,Tunde,Ibrahim,M,Active,South Africa,25-34,Events,2024-10-24,Paid Social
1149,5,daniel.mensah1149@example.com,Daniel,Mensah,M,Active,Canada,18-24,Events,2025-10-31,Referral
1150,7,sarah.adeyemi1150@example.com,Sarah,Adeyemi,F,Active,Nigeria,25-34,New Releases,2025-03-31,Partner
1151,6,david.mensah1151@example.com,David,Mensah,M,Active,Nigeria,35-44,New Releases,2025-01-10,Website
1152,6,daniel.okafor1152@example.com,Daniel,Okafor,F,Active,Kenya,18-24,Events,2025-03-08,Organic Search
1153,1,amara.ibrahim1153@example.com,Amara,Ibrahim,F,Inactive,Ghana,25-34,Discounts,2024-01-25,Direct
1154,1,hauwa.diallo1154@example.com,Hauwa,Diallo,M,Active,Ghana,55+,Educational Content,2025-11-03,Website
1155,1,daniel.mensah1155@example.com,Daniel,Mensah,M,Active,Nigeria,18-24,Discounts,2025-01-15,Event
1156,1,ada.mensah1156@example.com,Ada,Mensah,F,Active,Kenya,18-24,Discounts,2025-05-06,Paid Social
1157,6,grace.mohamed1157@example.com,Grace,Mohamed,F,Active,Ghana,18-24,Events,2024-03-13,Website
1158,1,amina.kamara1158@example.com,Amina,Kamara,M,Active,Ghana,55+,Product Updates,2025-02-27,Website
1159,6,emeka.nwosu1159@example.com,Emeka,Nwosu,F,Inactive,Ghana,35-44,Product Updates,2024-07-16,Partner
1160,5,emeka.abubakar1160@example.com,Emeka,Abubakar,F,Unsubscribed,Kenya,45-54,Discounts,2025-10-23,Referral
1161,6,chinedu.nwosu1161@example.com,Chinedu,Nwosu,F,Active,Ghana,18-24,New Releases,2024-03-27,Organic Search
1162,5,amina.adeyemi1162@example.com,Amina,Adeyemi,F,Active,Nigeria,25-34,Educational Content,2024-11-30,Paid Social
1163,7,musa.mohamed1163@example.com,Musa,Mohamed,F,Inactive,France,45-54,New Releases,2025-04-25,Website
1164,3,musa.traore1164@example.com,Musa,Traore,M,Active,Nigeria,25-34,Educational Content,2024-08-21,Partner
1165,3,zainab.nwosu1165@example.com,Zainab,Nwosu,M,Active,Nigeria,25-34,Educational Content,2024-09-27,Referral
1166,5,grace.kamara1166@example.com,Grace,Kamara,F,Active,Nigeria,35-44,New Releases,2025-04-18,Website
1167,5,chinedu.mensah1167@example.com,Chinedu,Mensah,F,Active,Kenya,25-34,Educational Content,2025-05-23,Organic Search
1168,3,sarah.mohamed1168@example.com,Sarah,Mohamed,F,Active,Canada,25-34,Educational Content,2024-09-15,Organic Search
1169,1,sarah.abubakar1169@example.com,Sarah,Abubakar,M,Active,Nigeria,45-54,Educational Content,2025-07-17,Direct
1170,5,fatima.owusu1170@example.com,Fatima,Owusu,M,Active,Nigeria,55+,Events,2025-01-31,Website
1171,3,amina.diallo1171@example.com,Amina,Diallo,M,Active,Nigeria,45-54,Product Updates,2024-04-20,Organic Search
1172,4,fatima.kamara1172@example.com,Fatima,Kamara,M,Active,Canada,35-44,Discounts,2024-03-02,Organic Search
1173,1,zainab.ibrahim1173@example.com,Zainab,Ibrahim,F,Active,Ghana,25-34,New Releases,2025-07-19,Website
1174,3,samuel.kamara1174@example.com,Samuel,Kamara,M,Unsubscribed,Kenya,25-34,Discounts,2024-07-27,Organic Search
1175,4,ada.diallo1175@example.com,Ada,Diallo,M,Active,Kenya,35-44,Educational Content,2024-09-09,Event
1176,6,samuel.nwosu1176@example.com,Samuel,Nwosu,F,Active,Kenya,45-54,Discounts,2025-11-18,Paid Social
1177,3,hauwa.abubakar1177@example.com,Hauwa,Abubakar,F,Active,Nigeria,18-24,Product Updates,2024-06-02,Paid Social
1178,6,sarah.abubakar1178@example.com,Sarah,Abubakar,M,Active,Kenya,25-34,Events,2024-12-16,Referral
1179,3,musa.abubakar1179@example.com,Musa,Abubakar,F,Active,Kenya,25-34,Product Updates,2025-01-21,Website
1180,1,sarah.osei1180@example.com,Sarah,Osei,M,Unsubscribed,Nigeria,25-34,Discounts,2025-09-06,Website
1181,6,ada.nwosu1181@example.com,Ada,Nwosu,M,Active,Ghana,45-54,Events,2024-01-21,Website
1182,4,ifeoma.owusu1182@example.com,Ifeoma,Owusu,M,Unsubscribed,Ghana,25-34,Educational Content,2024-06-10,Paid Social
1183,1,hauwa.osei1183@example.com,Hauwa,Osei,M,Inactive,Canada,25-34,Discounts,2025-09-22,Organic Search
1184,5,tunde.ibrahim1184@example.com,Tunde,Ibrahim,M,Unsubscribed,Kenya,25-34,Discounts,2024-07-09,Paid Social
1185,2,noah.diallo1185@example.com,Noah,Diallo,M,Active,Nigeria,18-24,Product Updates,2024-06-29,Website
1186,2,musa.owusu1186@example.com,Musa,Owusu,M,Active,Nigeria,45-54,Discounts,2024-04-13,Website
1187,2,chinedu.mensah1187@example.com,Chinedu,Mensah,F,Inactive,Kenya,25-34,Discounts,2024-01-09,Organic Search
1188,3,chinedu.ibrahim1188@example.com,Chinedu,Ibrahim,M,Active,Ghana,45-54,Events,2024-06-08,Organic Search
1189,6,samuel.eze1189@example.com,Samuel,Eze,F,Active,Ghana,25-34,Product Updates,2025-09-12,Website
1190,6,amara.abubakar1190@example.com,Amara,Abubakar,M,Active,Nigeria,25-34,Events,2025-07-08,Website
1191,6,joy.johnson1191@example.com,Joy,Johnson,F,Active,France,35-44,Events,2025-02-21,Event
1192,1,musa.kamara1192@example.com,Musa,Kamara,M,Active,Nigeria,35-44,Educational Content,2025-02-26,Partner
1193,3,noah.eze1193@example.com,Noah,Eze,M,Inactive,Nigeria,25-34,Product Updates,2025-04-05,Paid Social
1194,6,amina.adebayo1194@example.com,Amina,Adebayo,F,Active,Nigeria,18-24,Discounts,2025-02-12,Direct
1195,3,ifeoma.eze1195@example.com,Ifeoma,Eze,M,Active,Ghana,25-34,Product Updates,2025-10-17,Paid Social
1196,7,noah.eze1196@example.com,Noah,Eze,M,Active,Nigeria,45-54,Events,2025-06-08,Organic Search
1197,4,tunde.mohamed1197@example.com,Tunde,Mohamed,M,Inactive,Nigeria,25-34,New Releases,2025-07-29,Organic Search
1198,2,ada.osei1198@example.com,Ada,Osei,F,Active,Nigeria,25-34,New Releases,2024-10-18,Referral
1199,3,joy.mensah1199@example.com,Joy,Mensah,F,Active,France,25-34,New Releases,2025-08-02,Organic Search
1200,4,amina.abubakar1200@example.com,Amina,Abubakar,F,Active,South Africa,25-34,Educational Content,2024-07-20,Organic Search
1201,1,sarah.ibrahim1201@example.com,Sarah,Ibrahim,F,Active,Nigeria,18-24,Product Updates,2025-08-05,Direct
1202,1,amina.owusu1202@example.com,Amina,Owusu,F,Active,Canada,25-34,Product Updates,2025-05-09,Organic Search
1203,6,samuel.johnson1203@example.com,Samuel,Johnson,M,Active,Canada,25-34,Product Updates,2024-12-16,Website
1204,5,emeka.mohamed1204@example.com,Emeka,Mohamed,F,Active,Kenya,35-44,Educational Content,2024-06-08,Website
1205,5,hauwa.ibrahim1205@example.com,Hauwa,Ibrahim,M,Unsubscribed,Nigeria,18-24,Events,2025-05-25,Paid Social
1206,8,sarah.adeyemi1206@example.com,Sarah,Adeyemi,F,Inactive,France,25-34,Discounts,2024-09-11,Website
1207,3,amina.mensah1207@example.com,Amina,Mensah,F,Active,Ghana,25-34,New Releases,2024-06-15,Paid Social
1208,5,amara.traore1208@example.com,Amara,Traore,M,Unsubscribed,Ghana,45-54,Discounts,2025-01-14,Referral
1209,1,samuel.mohamed1209@example.com,Samuel,Mohamed,F,Unsubscribed,Canada,25-34,Discounts,2024-09-06,Paid Social
1210,5,chinedu.traore1210@example.com,Chinedu,Traore,M,Active,Kenya,35-44,Product Updates,2024-01-09,Organic Search
1211,1,daniel.mohamed1211@example.com,Daniel,Mohamed,M,Active,Canada,45-54,Discounts,2024-06-30,Direct
1212,1,noah.eze1212@example.com,Noah,Eze,F,Active,South Africa,18-24,Discounts,2024-02-09,Partner
1213,8,amara.adeyemi1213@example.com,Amara,Adeyemi,M,Unsubscribed,France,25-34,Discounts,2024-04-20,Partner
1214,2,noah.bello1214@example.com,Noah,Bello,F,Active,Nigeria,25-34,Educational Content,2025-06-11,Organic Search
1215,1,victor.nwosu1215@example.com,Victor,Nwosu,F,Active,Nigeria,45-54,Discounts,2025-01-02,Website
1216,8,noah.adebayo1216@example.com,Noah,Adebayo,F,Active,Ghana,55+,Educational Content,2025-04-17,Website
1217,1,amina.adeyemi1217@example.com,Amina,Adeyemi,M,Active,Nigeria,45-54,Discounts,2024-06-01,Organic Search
1218,6,noah.traore1218@example.com,Noah,Traore,F,Unsubscribed,Kenya,35-44,Events,2024-08-02,Paid Social
1219,7,tunde.eze1219@example.com,Tunde,Eze,M,Active,Ghana,25-34,Product Updates,2024-09-15,Organic Search
1220,3,musa.johnson1220@example.com,Musa,Johnson,F,Active,France,45-54,Events,2025-03-08,Organic Search
1221,5,hauwa.diallo1221@example.com,Hauwa,Diallo,M,Active,United Kingdom,18-24,Educational Content,2024-12-08,Referral
1222,1,amina.nwosu1222@example.com,Amina,Nwosu,F,Active,Canada,45-54,Discounts,2025-10-08,Referral
1223,3,zainab.eze1223@example.com,Zainab,Eze,F,Active,Nigeria,25-34,New Releases,2025-11-27,Paid Social
1224,5,joy.ibrahim1224@example.com,Joy,Ibrahim,F,Active,United Kingdom,55+,New Releases,2024-02-10,Direct
1225,3,hauwa.adebayo1225@example.com,Hauwa,Adebayo,F,Inactive,Nigeria,25-34,Events,2025-04-30,Website
1226,6,daniel.johnson1226@example.com,Daniel,Johnson,M,Active,Canada,45-54,Discounts,2025-10-29,Referral
1227,6,samuel.ibrahim1227@example.com,Samuel,Ibrahim,F,Inactive,Nigeria,35-44,Product Updates,2025-02-10,Paid Social
1228,1,tunde.bello1228@example.com,Tunde,Bello,F,Unsubscribed,Kenya,45-54,Events,2025-09-06,Organic Search
1229,5,musa.osei1229@example.com,Musa,Osei,F,Active,France,45-54,Events,2025-07-12,Website
1230,5,ada.owusu1230@example.com,Ada,Owusu,M,Active,Nigeria,25-34,Events,2024-09-21,Organic Search
1231,1,noah.ibrahim1231@example.com,Noah,Ibrahim,F,Unsubscribed,Nigeria,25-34,Discounts,2024-11-12,Paid Social
1232,8,michael.bello1232@example.com,Michael,Bello,M,Active,Canada,45-54,Product Updates,2024-10-03,Direct
1233,8,david.johnson1233@example.com,David,Johnson,F,Active,Nigeria,35-44,New Releases,2025-11-15,Referral
1234,5,amara.eze1234@example.com,Amara,Eze,M,Active,Nigeria,25-34,Discounts,2024-01-19,Referral
1235,7,victor.bello1235@example.com,Victor,Bello,M,Active,Nigeria,25-34,New Releases,2025-05-05,Partner
1236,8,emeka.okafor1236@example.com,Emeka,Okafor,F,Active,United Kingdom,45-54,Events,2025-02-16,Organic Search
1237,1,grace.mohamed1237@example.com,Grace,Mohamed,M,Active,Canada,35-44,Events,2024-11-25,Website
1238,5,grace.adeyemi1238@example.com,Grace,Adeyemi,M,Active,Ghana,18-24,Educational Content,2025-01-16,Organic Search
1239,5,daniel.okafor1239@example.com,Daniel,Okafor,F,Active,United Kingdom,18-24,Product Updates,2024-04-29,Website
1240,5,musa.mohamed1240@example.com,Musa,Mohamed,F,Active,Nigeria,45-54,Educational Content,2025-03-11,Paid Social
1241,2,david.adeyemi1241@example.com,David,Adeyemi,F,Unsubscribed,South Africa,55+,Educational Content,2024-12-14,Partner
1242,6,amara.eze1242@example.com,Amara,Eze,M,Unsubscribed,Ghana,35-44,Events,2024-07-08,Organic Search
1243,5,amina.mensah1243@example.com,Amina,Mensah,F,Active,Nigeria,55+,Educational Content,2025-08-13,Paid Social
1244,1,amara.nwosu1244@example.com,Amara,Nwosu,M,Inactive,Nigeria,45-54,New Releases,2025-07-16,Event
1245,7,michael.adebayo1245@example.com,Michael,Adebayo,F,Inactive,Nigeria,25-34,Product Updates,2025-11-04,Paid Social
1246,3,tunde.kamara1246@example.com,Tunde,Kamara,M,Active,Nigeria,55+,Product Updates,2025-04-25,Organic Search
1247,6,sarah.mensah1247@example.com,Sarah,Mensah,F,Active,Nigeria,55+,Discounts,2025-10-26,Organic Search
1248,7,david.okafor1248@example.com,David,Okafor,F,Inactive,Nigeria,35-44,Discounts,2025-02-21,Event
1249,1,joy.ibrahim1249@example.com,Joy,Ibrahim,M,Active,Ghana,25-34,Events,2024-07-16,Paid Social
1250,6,noah.eze1250@example.com,Noah,Eze,M,Active,Ghana,35-44,New Releases,2024-05-07,Paid Social
1251,5,fatima.mohamed1251@example.com,Fatima,Mohamed,M,Active,Canada,25-34,Discounts,2025-08-13,Event
1252,1,hauwa.mensah1252@example.com,Hauwa,Mensah,M,Active,Nigeria,18-24,Discounts,2025-12-01,Event
1253,3,grace.ibrahim1253@example.com,Grace,Ibrahim,M,Active,Kenya,35-44,Product Updates,2024-04-19,Partner
1254,3,ifeoma.kamara1254@example.com,Ifeoma,Kamara,M,Active,South Africa,45-54,Educational Content,2025-11-06,Paid Social
1255,4,fatima.johnson1255@example.com,Fatima,Johnson,M,Inactive,United Kingdom,18-24,Events,2025-05-16,Paid Social
1256,4,fatima.owusu1256@example.com,Fatima,Owusu,M,Inactive,Nigeria,25-34,Discounts,2025-04-14,Organic Search
1257,4,grace.owusu1257@example.com,Grace,Owusu,M,Active,United Kingdom,18-24,Educational Content,2025-04-29,Organic Search
1258,6,joy.bello1258@example.com,Joy,Bello,F,Unsubscribed,Nigeria,35-44,Events,2025-02-03,Paid Social
1259,2,musa.nwosu1259@example.com,Musa,Nwosu,F,Active,United Kingdom,18-24,Discounts,2025-07-18,Website
1260,4,amina.mensah1260@example.com,Amina,Mensah,F,Active,South Africa,35-44,Product Updates,2024-11-13,Paid Social
1261,6,ada.bello1261@example.com,Ada,Bello,M,Active,Nigeria,25-34,Discounts,2025-07-23,Event
1262,6,hauwa.diallo1262@example.com,Hauwa,Diallo,F,Unsubscribed,Canada,18-24,Product Updates,2025-08-04,Paid Social
1263,3,musa.osei1263@example.com,Musa,Osei,M,Inactive,Nigeria,25-34,Events,2025-10-05,Paid Social
1264,3,victor.eze1264@example.com,Victor,Eze,M,Unsubscribed,Nigeria,35-44,Discounts,2025-04-27,Paid Social
1265,6,michael.traore1265@example.com,Michael,Traore,F,Active,Nigeria,55+,Product Updates,2024-05-20,Website
1266,2,tunde.osei1266@example.com,Tunde,Osei,F,Unsubscribed,Ghana,55+,Product Updates,2024-05-18,Organic Search
1267,2,grace.osei1267@example.com,Grace,Osei,F,Unsubscribed,Nigeria,25-34,New Releases,2024-08-02,Paid Social
1268,1,samuel.mensah1268@example.com,Samuel,Mensah,M,Inactive,France,45-54,New Releases,2024-02-15,Event
1269,4,fatima.diallo1269@example.com,Fatima,Diallo,M,Inactive,Canada,25-34,Discounts,2024-03-31,Event
1270,4,samuel.ibrahim1270@example.com,Samuel,Ibrahim,M,Active,Ghana,25-34,Educational Content,2024-06-17,Event
1271,1,david.okafor1271@example.com,David,Okafor,F,Active,Nigeria,45-54,Discounts,2024-07-19,Event
1272,6,grace.kamara1272@example.com,Grace,Kamara,F,Active,Ghana,35-44,Discounts,2024-07-28,Website
1273,3,noah.owusu1273@example.com,Noah,Owusu,M,Active,South Africa,45-54,Discounts,2025-01-18,Referral
1274,1,chinedu.owusu1274@example.com,Chinedu,Owusu,M,Active,Nigeria,18-24,Product Updates,2024-08-22,Organic Search
1275,5,chinedu.ibrahim1275@example.com,Chinedu,Ibrahim,F,Active,United Kingdom,18-24,New Releases,2025-04-04,Referral
1276,3,victor.johnson1276@example.com,Victor,Johnson,F,Active,Nigeria,35-44,Product Updates,2025-07-02,Paid Social
1277,3,amara.mensah1277@example.com,Amara,Mensah,M,Active,United Kingdom,25-34,New Releases,2025-05-05,Direct
1278,3,hauwa.kamara1278@example.com,Hauwa,Kamara,M,Active,Ghana,35-44,Discounts,2024-02-21,Event
1279,4,victor.bello1279@example.com,Victor,Bello,M,Active,Kenya,18-24,New Releases,2024-12-06,Referral
1280,4,chinedu.adeyemi1280@example.com,Chinedu,Adeyemi,F,Active,Ghana,45-54,Discounts,2025-10-13,Event
1281,1,amina.johnson1281@example.com,Amina,Johnson,M,Active,Ghana,35-44,Product Updates,2024-06-17,Event
1282,5,zainab.okafor1282@example.com,Zainab,Okafor,M,Active,France,45-54,Product Updates,2024-03-26,Partner
1283,3,hauwa.bello1283@example.com,Hauwa,Bello,M,Active,South Africa,25-34,Product Updates,2025-10-25,Referral
1284,3,victor.okafor1284@example.com,Victor,Okafor,M,Active,Canada,25-34,Product Updates,2024-10-23,Event
1285,6,fatima.diallo1285@example.com,Fatima,Diallo,M,Active,Kenya,18-24,New Releases,2025-06-18,Referral
1286,7,amara.kamara1286@example.com,Amara,Kamara,M,Active,France,25-34,New Releases,2025-04-25,Event
1287,1,daniel.johnson1287@example.com,Daniel,Johnson,M,Active,Nigeria,18-24,Educational Content,2025-10-13,Partner
1288,3,emeka.ibrahim1288@example.com,Emeka,Ibrahim,M,Active,Ghana,35-44,Discounts,2025-06-07,Referral
1289,2,zainab.eze1289@example.com,Zainab,Eze,M,Active,Nigeria,45-54,New Releases,2024-02-10,Paid Social
1290,5,tunde.owusu1290@example.com,Tunde,Owusu,M,Active,Nigeria,35-44,New Releases,2024-01-18,Website
1291,6,joy.diallo1291@example.com,Joy,Diallo,M,Unsubscribed,Nigeria,25-34,Product Updates,2025-06-25,Direct
1292,1,michael.okafor1292@example.com,Michael,Okafor,F,Active,Kenya,25-34,Discounts,2024-09-11,Referral
1293,4,sarah.osei1293@example.com,Sarah,Osei,M,Active,Ghana,25-34,Product Updates,2025-11-25,Organic Search
1294,2,chinedu.adebayo1294@example.com,Chinedu,Adebayo,F,Active,Nigeria,18-24,Events,2025-06-25,Event
1295,3,david.adebayo1295@example.com,David,Adebayo,F,Unsubscribed,Nigeria,45-54,Events,2024-06-09,Paid Social
1296,3,emeka.adebayo1296@example.com,Emeka,Adebayo,M,Unsubscribed,Nigeria,45-54,Educational Content,2024-07-15,Paid Social
1297,8,ada.bello1297@example.com,Ada,Bello,F,Active,Nigeria,25-34,Educational Content,2025-06-27,Partner
1298,4,ada.nwosu1298@example.com,Ada,Nwosu,M,Active,Nigeria,35-44,New Releases,2024-10-09,Referral
1299,3,amina.johnson1299@example.com,Amina,Johnson,M,Active,South Africa,25-34,Educational Content,2024-10-25,Website
1300,2,grace.osei1300@example.com,Grace,Osei,F,Unsubscribed,Nigeria,35-44,New Releases,2024-08-15,Paid Social
1301,6,david.bello1301@example.com,David,Bello,M,Active,South Africa,25-34,Events,2025-07-11,Website
1302,1,grace.nwosu1302@example.com,Grace,Nwosu,M,Active,Kenya,25-34,Discounts,2024-08-19,Organic Search
1303,1,daniel.adeyemi1303@example.com,Daniel,Adeyemi,M,Active,Canada,45-54,New Releases,2024-12-01,Event
1304,8,david.johnson1304@example.com,David,Johnson,F,Active,France,35-44,New Releases,2024-07-08,Partner
1305,1,ada.okafor1305@example.com,Ada,Okafor,M,Active,Nigeria,25-34,New Releases,2024-01-14,Organic Search
1306,2,sarah.traore1306@example.com,Sarah,Traore,F,Active,Kenya,25-34,Educational Content,2025-03-01,Partner
1307,7,victor.osei1307@example.com,Victor,Osei,F,Active,Nigeria,45-54,Discounts,2025-09-10,Partner
1308,1,david.adebayo1308@example.com,David,Adebayo,M,Active,Kenya,25-34,Events,2024-01-28,Referral
1309,5,daniel.osei1309@example.com,Daniel,Osei,M,Active,France,18-24,Discounts,2024-03-16,Website
1310,2,fatima.traore1310@example.com,Fatima,Traore,F,Unsubscribed,Ghana,18-24,Product Updates,2024-05-13,Website
1311,4,daniel.adeyemi1311@example.com,Daniel,Adeyemi,F,Unsubscribed,Kenya,45-54,Educational Content,2025-03-21,Paid Social
1312,8,tunde.mensah1312@example.com,Tunde,Mensah,M,Inactive,France,25-34,Product Updates,2025-06-16,Direct
1313,7,emeka.abubakar1313@example.com,Emeka,Abubakar,F,Inactive,United Kingdom,18-24,Product Updates,2024-11-24,Paid Social
1314,7,grace.mensah1314@example.com,Grace,Mensah,M,Inactive,France,25-34,Educational Content,2025-03-22,Paid Social
1315,4,musa.mohamed1315@example.com,Musa,Mohamed,F,Unsubscribed,France,35-44,Discounts,2024-10-24,Website
1316,6,tunde.mensah1316@example.com,Tunde,Mensah,M,Active,Nigeria,35-44,New Releases,2024-12-16,Direct
1317,2,musa.kamara1317@example.com,Musa,Kamara,F,Active,Nigeria,25-34,Educational Content,2024-04-14,Website
1318,5,ifeoma.okafor1318@example.com,Ifeoma,Okafor,M,Active,Ghana,55+,New Releases,2024-10-19,Website
1319,4,ada.johnson1319@example.com,Ada,Johnson,F,Active,Kenya,18-24,New Releases,2025-10-02,Website
1320,3,victor.abubakar1320@example.com,Victor,Abubakar,F,Active,United Kingdom,35-44,New Releases,2025-04-12,Event
1321,1,joy.adebayo1321@example.com,Joy,Adebayo,M,Active,Kenya,25-34,Events,2024-05-30,Website
1322,3,david.adebayo1322@example.com,David,Adebayo,M,Inactive,France,45-54,New Releases,2024-06-28,Website
1323,7,david.diallo1323@example.com,David,Diallo,M,Active,Nigeria,18-24,Events,2024-02-26,Paid Social
1324,3,ada.mohamed1324@example.com,Ada,Mohamed,M,Active,Ghana,18-24,Events,2025-03-28,Direct
1325,1,grace.adebayo1325@example.com,Grace,Adebayo,M,Active,Ghana,25-34,New Releases,2025-06-16,Direct
1326,1,michael.okafor1326@example.com,Michael,Okafor,F,Active,France,45-54,Events,2024-05-25,Partner
1327,7,hauwa.owusu1327@example.com,Hauwa,Owusu,F,Inactive,Nigeria,45-54,Discounts,2025-03-20,Paid Social
1328,5,amara.abubakar1328@example.com,Amara,Abubakar,F,Active,Nigeria,35-44,Discounts,2025-03-12,Organic Search
1329,1,amina.osei1329@example.com,Amina,Osei,F,Active,Kenya,55+,Product Updates,2024-09-30,Paid Social
1330,3,amina.nwosu1330@example.com,Amina,Nwosu,F,Inactive,United Kingdom,25-34,Product Updates,2025-05-04,Partner
1331,6,ada.okafor1331@example.com,Ada,Okafor,F,Active,Kenya,45-54,Events,2025-01-31,Organic Search
1332,4,amara.bello1332@example.com,Amara,Bello,M,Active,France,25-34,Product Updates,2025-06-24,Organic Search
1333,1,fatima.bello1333@example.com,Fatima,Bello,F,Active,Kenya,18-24,Educational Content,2024-06-30,Organic Search
1334,6,joy.osei1334@example.com,Joy,Osei,F,Active,South Africa,35-44,Product Updates,2024-10-13,Website
1335,2,musa.johnson1335@example.com,Musa,Johnson,F,Active,Kenya,25-34,Product Updates,2024-05-23,Website
1336,6,daniel.kamara1336@example.com,Daniel,Kamara,M,Active,Nigeria,35-44,Product Updates,2025-10-02,Event
1337,6,sarah.adeyemi1337@example.com,Sarah,Adeyemi,M,Active,Kenya,55+,Product Updates,2025-02-10,Event
1338,7,michael.ibrahim1338@example.com,Michael,Ibrahim,M,Unsubscribed,Canada,25-34,Events,2025-01-01,Paid Social
1339,5,chinedu.osei1339@example.com,Chinedu,Osei,F,Active,United Kingdom,25-34,Events,2024-01-11,Referral
1340,1,chinedu.mensah1340@example.com,Chinedu,Mensah,M,Active,Kenya,18-24,Product Updates,2025-06-09,Paid Social
1341,8,zainab.kamara1341@example.com,Zainab,Kamara,F,Active,Ghana,35-44,Educational Content,2025-04-03,Paid Social
1342,1,michael.adebayo1342@example.com,Michael,Adebayo,F,Active,Nigeria,18-24,Discounts,2024-05-24,Partner
1343,6,noah.adeyemi1343@example.com,Noah,Adeyemi,M,Active,Ghana,25-34,Product Updates,2024-09-13,Paid Social
1344,6,sarah.mohamed1344@example.com,Sarah,Mohamed,M,Active,Canada,45-54,Events,2024-07-10,Website
1345,1,chinedu.bello1345@example.com,Chinedu,Bello,F,Active,United Kingdom,35-44,Discounts,2025-06-15,Organic Search
1346,7,daniel.diallo1346@example.com,Daniel,Diallo,F,Active,France,25-34,New Releases,2024-08-25,Referral
1347,6,michael.nwosu1347@example.com,Michael,Nwosu,M,Active,United Kingdom,18-24,Educational Content,2025-08-09,Paid Social
1348,6,ada.mohamed1348@example.com,Ada,Mohamed,F,Active,Ghana,55+,Product Updates,2025-02-16,Referral
1349,6,musa.nwosu1349@example.com,Musa,Nwosu,F,Active,Ghana,45-54,Product Updates,2025-07-07,Paid Social
1350,1,chinedu.diallo1350@example.com,Chinedu,Diallo,M,Active,Kenya,25-34,Discounts,2025-11-06,Organic Search
1351,3,zainab.johnson1351@example.com,Zainab,Johnson,M,Active,South Africa,25-34,Discounts,2024-06-27,Event
1352,1,hauwa.kamara1352@example.com,Hauwa,Kamara,F,Active,Kenya,55+,New Releases,2025-07-01,Direct
1353,6,fatima.nwosu1353@example.com,Fatima,Nwosu,F,Inactive,Kenya,35-44,New Releases,2024-02-08,Partner
1354,6,tunde.nwosu1354@example.com,Tunde,Nwosu,F,Active,Canada,35-44,Educational Content,2024-05-13,Referral
1355,2,victor.traore1355@example.com,Victor,Traore,M,Active,South Africa,25-34,Events,2024-02-06,Website
1356,5,ifeoma.bello1356@example.com,Ifeoma,Bello,F,Active,Canada,25-34,New Releases,2024-07-19,Paid Social
1357,4,chinedu.okafor1357@example.com,Chinedu,Okafor,F,Active,Nigeria,45-54,New Releases,2025-04-17,Organic Search
1358,4,michael.mohamed1358@example.com,Michael,Mohamed,F,Active,Kenya,45-54,New Releases,2024-06-06,Direct
1359,6,amina.traore1359@example.com,Amina,Traore,M,Active,Ghana,35-44,New Releases,2025-02-12,Paid Social
1360,5,samuel.eze1360@example.com,Samuel,Eze,M,Active,South Africa,45-54,Educational Content,2025-09-26,Event
1361,3,ifeoma.adeyemi1361@example.com,Ifeoma,Adeyemi,M,Active,South Africa,18-24,New Releases,2025-01-18,Organic Search
1362,2,chinedu.abubakar1362@example.com,Chinedu,Abubakar,F,Active,Kenya,25-34,Educational Content,2024-07-09,Partner
1363,5,amina.ibrahim1363@example.com,Amina,Ibrahim,F,Active,United Kingdom,25-34,Discounts,2025-08-09,Referral
1364,7,zainab.abubakar1364@example.com,Zainab,Abubakar,M,Active,Nigeria,35-44,Educational Content,2025-05-09,Organic Search
1365,1,zainab.abubakar1365@example.com,Zainab,Abubakar,M,Unsubscribed,Canada,18-24,New Releases,2025-06-26,Paid Social
1366,5,emeka.mensah1366@example.com,Emeka,Mensah,M,Active,United Kingdom,55+,Product Updates,2025-01-09,Website
1367,1,musa.ibrahim1367@example.com,Musa,Ibrahim,F,Active,Canada,35-44,Product Updates,2025-11-27,Website
1368,2,fatima.nwosu1368@example.com,Fatima,Nwosu,M,Inactive,Nigeria,35-44,Product Updates,2024-04-25,Partner
1369,7,victor.mohamed1369@example.com,Victor,Mohamed,M,Active,Nigeria,35-44,Educational Content,2024-02-08,Website
1370,1,emeka.osei1370@example.com,Emeka,Osei,F,Active,Nigeria,25-34,Events,2024-07-26,Organic Search
1371,1,chinedu.eze1371@example.com,Chinedu,Eze,M,Active,France,25-34,New Releases,2025-04-03,Organic Search
1372,6,tunde.okafor1372@example.com,Tunde,Okafor,F,Inactive,Canada,18-24,Product Updates,2024-02-06,Paid Social
1373,6,chinedu.johnson1373@example.com,Chinedu,Johnson,F,Active,Kenya,55+,Product Updates,2025-07-28,Website
1374,1,amina.mohamed1374@example.com,Amina,Mohamed,M,Active,Nigeria,18-24,New Releases,2024-12-22,Referral
1375,3,amina.traore1375@example.com,Amina,Traore,F,Active,Ghana,55+,New Releases,2025-04-05,Referral
1376,4,fatima.adebayo1376@example.com,Fatima,Adebayo,M,Unsubscribed,Nigeria,35-44,New Releases,2025-07-08,Paid Social
1377,5,hauwa.owusu1377@example.com,Hauwa,Owusu,F,Active,France,25-34,New Releases,2024-11-07,Paid Social
1378,8,david.bello1378@example.com,David,Bello,F,Active,Canada,18-24,Product Updates,2024-11-10,Partner
1379,3,samuel.nwosu1379@example.com,Samuel,Nwosu,M,Inactive,Canada,18-24,Product Updates,2024-08-01,Event
1380,1,zainab.mohamed1380@example.com,Zainab,Mohamed,M,Active,Kenya,35-44,Events,2024-04-12,Website
1381,2,noah.abubakar1381@example.com,Noah,Abubakar,F,Inactive,Kenya,55+,Events,2025-03-09,Organic Search
1382,3,ifeoma.adebayo1382@example.com,Ifeoma,Adebayo,F,Inactive,Nigeria,18-24,Educational Content,2025-01-12,Partner
1383,2,amara.osei1383@example.com,Amara,Osei,M,Active,South Africa,45-54,Product Updates,2024-03-05,Event
1384,1,victor.kamara1384@example.com,Victor,Kamara,M,Active,Kenya,35-44,Product Updates,2024-04-02,Paid Social
1385,4,daniel.ibrahim1385@example.com,Daniel,Ibrahim,F,Active,Nigeria,35-44,Events,2025-04-27,Paid Social
1386,3,amara.johnson1386@example.com,Amara,Johnson,M,Active,France,45-54,Events,2025-01-06,Referral
1387,4,fatima.mohamed1387@example.com,Fatima,Mohamed,M,Active,Nigeria,45-54,Product Updates,2025-06-07,Paid Social
1388,6,ifeoma.abubakar1388@example.com,Ifeoma,Abubakar,M,Active,South Africa,25-34,New Releases,2024-05-03,Partner
1389,5,chinedu.bello1389@example.com,Chinedu,Bello,F,Active,South Africa,25-34,Discounts,2024-07-09,Direct
1390,8,ada.traore1390@example.com,Ada,Traore,M,Active,Nigeria,35-44,New Releases,2025-02-25,Direct
1391,7,david.owusu1391@example.com,David,Owusu,F,Active,South Africa,35-44,Educational Content,2024-08-30,Paid Social
1392,7,zainab.eze1392@example.com,Zainab,Eze,M,Active,France,45-54,New Releases,2024-11-11,Paid Social
1393,2,david.mohamed1393@example.com,David,Mohamed,F,Active,France,45-54,Discounts,2024-09-10,Organic Search
1394,7,hauwa.traore1394@example.com,Hauwa,Traore,F,Active,United Kingdom,35-44,Events,2024-07-03,Website
1395,7,victor.johnson1395@example.com,Victor,Johnson,M,Active,Nigeria,18-24,Product Updates,2025-11-13,Organic Search
1396,7,ifeoma.mohamed1396@example.com,Ifeoma,Mohamed,M,Inactive,Nigeria,35-44,Educational Content,2024-05-13,Organic Search
1397,1,david.kamara1397@example.com,David,Kamara,F,Active,Ghana,45-54,Product Updates,2024-02-15,Referral
1398,2,michael.mohamed1398@example.com,Michael,Mohamed,F,Active,Ghana,25-34,New Releases,2025-12-10,Referral
1399,6,emeka.eze1399@example.com,Emeka,Eze,M,Inactive,Nigeria,35-44,Product Updates,2024-07-25,Event
1400,1,noah.nwosu1400@example.com,Noah,Nwosu,F,Active,South Africa,45-54,New Releases,2024-12-21,Paid Social
1401,6,chinedu.osei1401@example.com,Chinedu,Osei,M,Unsubscribed,Nigeria,18-24,New Releases,2025-11-10,Organic Search
1402,1,noah.osei1402@example.com,Noah,Osei,F,Active,Nigeria,45-54,New Releases,2024-07-20,Paid Social
1403,7,hauwa.owusu1403@example.com,Hauwa,Owusu,F,Inactive,Nigeria,35-44,Events,2025-02-11,Organic Search
1404,1,amina.kamara1404@example.com,Amina,Kamara,M,Active,Nigeria,18-24,Events,2024-05-22,Referral
1405,1,victor.bello1405@example.com,Victor,Bello,M,Active,Nigeria,25-34,Discounts,2025-09-24,Direct
1406,6,ifeoma.kamara1406@example.com,Ifeoma,Kamara,F,Active,South Africa,55+,Events,2025-09-29,Direct
1407,6,grace.adeyemi1407@example.com,Grace,Adeyemi,F,Active,Kenya,25-34,Educational Content,2024-07-02,Paid Social
1408,3,noah.mensah1408@example.com,Noah,Mensah,M,Active,France,25-34,Product Updates,2025-07-25,Organic Search
1409,5,joy.kamara1409@example.com,Joy,Kamara,F,Active,United Kingdom,35-44,Educational Content,2024-10-20,Direct
1410,3,ada.osei1410@example.com,Ada,Osei,F,Active,Canada,25-34,Events,2025-11-01,Partner
1411,1,grace.eze1411@example.com,Grace,Eze,M,Active,France,35-44,Product Updates,2025-04-09,Event
1412,1,fatima.osei1412@example.com,Fatima,Osei,F,Active,Canada,35-44,New Releases,2024-05-13,Paid Social
1413,1,ada.ibrahim1413@example.com,Ada,Ibrahim,M,Active,United Kingdom,45-54,Product Updates,2024-02-25,Organic Search
1414,3,emeka.diallo1414@example.com,Emeka,Diallo,F,Active,Nigeria,25-34,Product Updates,2025-03-29,Organic Search
1415,5,amara.owusu1415@example.com,Amara,Owusu,F,Inactive,United Kingdom,18-24,Discounts,2024-12-16,Organic Search
1416,3,chinedu.okafor1416@example.com,Chinedu,Okafor,M,Active,South Africa,45-54,Product Updates,2025-09-22,Paid Social
1417,3,sarah.mohamed1417@example.com,Sarah,Mohamed,F,Active,Nigeria,45-54,Educational Content,2025-08-27,Website
1418,5,emeka.eze1418@example.com,Emeka,Eze,F,Inactive,Ghana,18-24,Discounts,2024-09-14,Paid Social
1419,3,ada.mensah1419@example.com,Ada,Mensah,M,Active,Kenya,35-44,New Releases,2025-02-26,Organic Search
1420,4,david.johnson1420@example.com,David,Johnson,F,Active,Nigeria,55+,Events,2025-07-11,Organic Search
1421,1,david.eze1421@example.com,David,Eze,F,Active,Nigeria,35-44,Product Updates,2025-04-19,Direct
1422,1,joy.adeyemi1422@example.com,Joy,Adeyemi,F,Active,Ghana,25-34,Events,2024-02-18,Website
1423,6,noah.eze1423@example.com,Noah,Eze,F,Active,Ghana,25-34,Events,2024-01-26,Organic Search
1424,1,daniel.diallo1424@example.com,Daniel,Diallo,F,Active,Kenya,35-44,Educational Content,2025-09-02,Referral
1425,2,ada.osei1425@example.com,Ada,Osei,M,Active,Kenya,25-34,Discounts,2025-03-26,Website
1426,7,daniel.abubakar1426@example.com,Daniel,Abubakar,F,Active,France,18-24,New Releases,2024-05-21,Organic Search
1427,5,musa.okafor1427@example.com,Musa,Okafor,M,Active,Nigeria,25-34,Events,2024-12-04,Referral
1428,5,ada.bello1428@example.com,Ada,Bello,M,Active,Nigeria,35-44,Events,2024-01-21,Organic Search
1429,6,fatima.nwosu1429@example.com,Fatima,Nwosu,M,Active,France,35-44,Educational Content,2025-11-14,Website
1430,8,amara.traore1430@example.com,Amara,Traore,M,Active,Nigeria,35-44,New Releases,2025-10-24,Organic Search
1431,6,musa.abubakar1431@example.com,Musa,Abubakar,F,Active,Kenya,35-44,Discounts,2024-05-03,Referral
1432,6,sarah.adebayo1432@example.com,Sarah,Adebayo,M,Active,Ghana,25-34,Product Updates,2024-02-20,Organic Search
1433,4,hauwa.ibrahim1433@example.com,Hauwa,Ibrahim,M,Active,Nigeria,18-24,Educational Content,2025-12-06,Referral
1434,8,hauwa.adebayo1434@example.com,Hauwa,Adebayo,M,Active,Canada,25-34,Product Updates,2024-09-27,Organic Search
1435,1,daniel.kamara1435@example.com,Daniel,Kamara,M,Active,Nigeria,18-24,Events,2024-06-24,Partner
1436,1,daniel.adeyemi1436@example.com,Daniel,Adeyemi,M,Inactive,South Africa,35-44,Educational Content,2024-08-28,Organic Search
1437,3,victor.johnson1437@example.com,Victor,Johnson,M,Active,United Kingdom,18-24,Events,2025-07-04,Direct
1438,4,hauwa.adebayo1438@example.com,Hauwa,Adebayo,M,Unsubscribed,France,45-54,New Releases,2025-07-01,Direct
1439,1,david.johnson1439@example.com,David,Johnson,F,Active,Kenya,35-44,Discounts,2025-06-03,Website
1440,3,ada.diallo1440@example.com,Ada,Diallo,M,Active,France,25-34,Product Updates,2025-11-13,Referral
1441,1,chinedu.osei1441@example.com,Chinedu,Osei,F,Active,Kenya,25-34,Events,2024-03-27,Organic Search
1442,7,joy.mohamed1442@example.com,Joy,Mohamed,F,Active,France,35-44,Events,2025-04-19,Website
1443,6,sarah.mohamed1443@example.com,Sarah,Mohamed,M,Active,Nigeria,35-44,Discounts,2024-03-31,Website
1444,6,daniel.mensah1444@example.com,Daniel,Mensah,F,Active,Ghana,25-34,New Releases,2024-10-17,Website
1445,5,michael.nwosu1445@example.com,Michael,Nwosu,F,Unsubscribed,South Africa,25-34,Events,2024-07-05,Website
1446,2,tunde.owusu1446@example.com,Tunde,Owusu,F,Active,United Kingdom,25-34,New Releases,2025-09-18,Paid Social
1447,3,fatima.johnson1447@example.com,Fatima,Johnson,F,Active,Nigeria,25-34,Discounts,2024-05-25,Website
1448,1,emeka.nwosu1448@example.com,Emeka,Nwosu,F,Active,Nigeria,35-44,Product Updates,2024-08-15,Referral
1449,2,sarah.nwosu1449@example.com,Sarah,Nwosu,M,Active,United Kingdom,18-24,Educational Content,2025-06-23,Paid Social
1450,3,hauwa.bello1450@example.com,Hauwa,Bello,F,Active,Nigeria,45-54,Product Updates,2024-04-25,Paid Social
1451,5,samuel.eze1451@example.com,Samuel,Eze,M,Active,Canada,45-54,Events,2025-02-21,Organic Search
1452,7,zainab.diallo1452@example.com,Zainab,Diallo,M,Active,Nigeria,25-34,New Releases,2024-01-23,Referral
1453,7,emeka.ibrahim1453@example.com,Emeka,Ibrahim,F,Active,Ghana,25-34,New Releases,2024-02-02,Organic Search
1454,6,noah.ibrahim1454@example.com,Noah,Ibrahim,M,Active,France,25-34,Product Updates,2024-03-07,Referral
1455,6,amina.ibrahim1455@example.com,Amina,Ibrahim,M,Active,Kenya,55+,Product Updates,2025-07-18,Partner
1456,1,fatima.bello1456@example.com,Fatima,Bello,F,Inactive,Nigeria,25-34,Product Updates,2025-02-07,Event
1457,5,fatima.owusu1457@example.com,Fatima,Owusu,M,Active,South Africa,35-44,New Releases,2025-06-02,Referral
1458,3,noah.bello1458@example.com,Noah,Bello,F,Active,Nigeria,25-34,Educational Content,2024-05-07,Event
1459,5,victor.diallo1459@example.com,Victor,Diallo,M,Inactive,United Kingdom,45-54,Educational Content,2024-12-25,Paid Social
1460,1,musa.bello1460@example.com,Musa,Bello,F,Active,South Africa,18-24,New Releases,2025-02-08,Referral
1461,1,zainab.nwosu1461@example.com,Zainab,Nwosu,F,Active,Canada,35-44,Product Updates,2025-01-16,Referral
1462,5,sarah.mohamed1462@example.com,Sarah,Mohamed,M,Active,Nigeria,35-44,New Releases,2025-06-27,Paid Social
1463,8,fatima.diallo1463@example.com,Fatima,Diallo,M,Active,Nigeria,25-34,Events,2025-07-24,Website
1464,5,daniel.mohamed1464@example.com,Daniel,Mohamed,F,Active,Nigeria,45-54,Educational Content,2024-11-14,Organic Search
1465,3,emeka.mohamed1465@example.com,Emeka,Mohamed,F,Unsubscribed,Nigeria,45-54,New Releases,2024-08-14,Referral
1466,1,joy.okafor1466@example.com,Joy,Okafor,F,Active,Nigeria,45-54,Educational Content,2025-01-25,Paid Social
1467,6,chinedu.owusu1467@example.com,Chinedu,Owusu,F,Active,South Africa,18-24,Events,2024-12-21,Website
1468,2,tunde.okafor1468@example.com,Tunde,Okafor,F,Active,Nigeria,25-34,Discounts,2025-04-07,Organic Search
1469,3,musa.mohamed1469@example.com,Musa,Mohamed,F,Active,Ghana,35-44,New Releases,2024-03-21,Organic Search
1470,1,david.bello1470@example.com,David,Bello,F,Active,United Kingdom,45-54,Educational Content,2025-02-01,Referral
1471,8,ada.okafor1471@example.com,Ada,Okafor,M,Active,Ghana,25-34,Events,2025-07-26,Referral
1472,1,amara.diallo1472@example.com,Amara,Diallo,F,Active,Ghana,45-54,Product Updates,2024-05-18,Direct
1473,8,daniel.ibrahim1473@example.com,Daniel,Ibrahim,M,Inactive,Kenya,25-34,Discounts,2024-07-27,Event
1474,4,samuel.mohamed1474@example.com,Samuel,Mohamed,F,Inactive,Nigeria,25-34,New Releases,2025-04-17,Website
1475,4,chinedu.eze1475@example.com,Chinedu,Eze,F,Active,Canada,18-24,Discounts,2024-08-26,Organic Search
1476,4,fatima.eze1476@example.com,Fatima,Eze,F,Active,Nigeria,35-44,Events,2024-10-19,Paid Social
1477,5,zainab.kamara1477@example.com,Zainab,Kamara,M,Active,United Kingdom,18-24,Discounts,2025-04-03,Direct
1478,2,michael.mohamed1478@example.com,Michael,Mohamed,M,Active,Ghana,45-54,Events,2024-10-27,Event
1479,5,chinedu.mohamed1479@example.com,Chinedu,Mohamed,M,Active,Nigeria,45-54,New Releases,2024-03-15,Referral
1480,7,emeka.okafor1480@example.com,Emeka,Okafor,M,Active,France,18-24,Events,2024-09-18,Direct
1481,3,grace.adeyemi1481@example.com,Grace,Adeyemi,F,Active,Kenya,45-54,Discounts,2024-05-28,Paid Social
1482,2,samuel.traore1482@example.com,Samuel,Traore,M,Active,United Kingdom,18-24,Product Updates,2025-02-09,Referral
1483,3,joy.adebayo1483@example.com,Joy,Adebayo,M,Active,United Kingdom,25-34,Discounts,2025-11-17,Paid Social
1484,8,fatima.ibrahim1484@example.com,Fatima,Ibrahim,F,Active,Nigeria,35-44,New Releases,2025-05-01,Partner
1485,5,grace.johnson1485@example.com,Grace,Johnson,M,Active,Nigeria,35-44,Educational Content,2024-05-30,Paid Social
1486,4,joy.ibrahim1486@example.com,Joy,Ibrahim,F,Active,France,35-44,Events,2024-06-07,Direct
1487,7,victor.adeyemi1487@example.com,Victor,Adeyemi,F,Inactive,Canada,25-34,New Releases,2024-10-07,Website
1488,6,amina.ibrahim1488@example.com,Amina,Ibrahim,F,Unsubscribed,Nigeria,45-54,New Releases,2024-06-28,Referral
1489,2,grace.nwosu1489@example.com,Grace,Nwosu,F,Active,Nigeria,25-34,New Releases,2024-04-25,Event
1490,8,michael.mohamed1490@example.com,Michael,Mohamed,M,Active,Ghana,45-54,New Releases,2025-06-11,Paid Social
1491,7,hauwa.osei1491@example.com,Hauwa,Osei,M,Active,Nigeria,18-24,Product Updates,2024-01-03,Organic Search
1492,1,joy.abubakar1492@example.com,Joy,Abubakar,F,Active,Ghana,18-24,Product Updates,2025-11-18,Referral
1493,6,musa.abubakar1493@example.com,Musa,Abubakar,M,Active,Nigeria,18-24,Educational Content,2024-04-05,Organic Search
1494,2,samuel.adebayo1494@example.com,Samuel,Adebayo,F,Active,South Africa,35-44,Product Updates,2025-05-09,Website
1495,2,michael.kamara1495@example.com,Michael,Kamara,M,Inactive,Nigeria,25-34,New Releases,2024-02-05,Paid Social
1496,1,ada.johnson1496@example.com,Ada,Johnson,F,Unsubscribed,United Kingdom,18-24,Educational Content,2025-03-24,Direct
1497,6,zainab.okafor1497@example.com,Zainab,Okafor,M,Active,Ghana,55+,Events,2024-01-14,Referral
1498,7,sarah.eze1498@example.com,Sarah,Eze,F,Active,United Kingdom,35-44,Discounts,2025-04-02,Direct
1499,4,david.abubakar1499@example.com,David,Abubakar,F,Active,France,25-34,New Releases,2025-07-29,Website
1500,6,daniel.owusu1500@example.com,Daniel,Owusu,M,Active,Nigeria,18-24,New Releases,2025-02-18,Website
